sample	chr1	pos1	orientation1	chr2	pos2	orientation2
15KM12995	1	7923054	+	18	19931386	-
15KM12995	1	7923183	-	18	19931463	+
15KM12995	1	201930549	+	11	9025969	+
15KM12995	1	201946143	-	12	96431282	-
15KM12995	1	201951361	+	5	101874950	-
15KM12995	1	201964672	-	15	37710465	+
15KM12995	1	201964697	+	3	166866825	-
15KM12995	1	201970139	-	9	118076800	-
15KM12995	1	203869865	+	5	98621407	-
15KM12995	1	203873820	-	5	15511935	+
15KM12995	1	203873872	+	5	98691801	+
15KM12995	1	203886414	-	11	73881777	-
15KM12995	3	145481423	+	5	12070398	+
15KM12995	3	145518898	+	12	9557442	-
15KM12995	3	157808448	-	17	25778744	-
15KM12995	3	158065581	+	12	39749289	+
15KM12995	3	158085741	-	15	31610424	-
15KM12995	3	158097895	+	14	39089097	-
15KM12995	3	158139022	-	17	8692643	-
15KM12995	3	166848490	+	5	8590982	+
15KM12995	3	166866825	-	1	201964697	+
15KM12995	4	46180314	-	17	7438600	-
15KM12995	4	46183513	-	14	39115325	+
15KM12995	4	46184796	+	14	38180717	-
15KM12995	4	46187123	+	15	20504882	+
15KM12995	4	46187987	-	15	31595279	-
15KM12995	4	48199437	+	14	38195001	+
15KM12995	4	48206771	-	15	87204432	-
15KM12995	4	48231133	-	9	119884789	+
15KM12995	4	48231239	+	15	37709716	+
15KM12995	5	8584708	-	15	42646719	-
15KM12995	5	8590981	+	3	166848491	+
15KM12995	5	8611082	-	15	37573896	-
15KM12995	5	12070395	+	3	145481426	+
15KM12995	5	12081630	-	9	119897725	-
15KM12995	5	12455523	-	14	39081683	+
15KM12995	5	12455624	+	5	101917476	-
15KM12995	5	12522452	-	17	25773981	+
15KM12995	5	12529789	-	12	39752393	-
15KM12995	5	12532332	-	15	42643686	+
15KM12995	5	12532344	+	5	98671985	+
15KM12995	5	12556726	-	5	22810683	-
15KM12995	5	15505958	+	11	6462293	-
15KM12995	5	15511897	-	15	31587164	+
15KM12995	5	15511935	+	1	203873820	-
15KM12995	5	15517037	-	15	42643986	+
15KM12995	5	15517088	+	15	44656863	-
15KM12995	5	22807965	+	17	7415374	+
15KM12995	5	22808316	-	5	101879972	+
15KM12995	5	22809580	+	15	44656900	+
15KM12995	5	22810683	-	5	12556726	-
15KM12995	5	29278519	+	5	98687669	-
15KM12995	5	98621407	-	1	203869865	+
15KM12995	5	98670074	-	9	119891117	-
15KM12995	5	98671984	+	5	12532345	+
15KM12995	5	98674296	+	15	44624626	+
15KM12995	5	98683198	-	12	74199732	+
15KM12995	5	98684318	+	15	31616286	-
15KM12995	5	98687723	+	14	39092161	-
15KM12995	5	98691386	+	17	8695043	+
15KM12995	5	98691716	-	12	96423048	-
15KM12995	5	98691797	+	1	203873876	+
15KM12995	5	101874161	+	15	54174227	-
15KM12995	5	101874950	-	1	201951361	+
15KM12995	5	101882053	-	15	31612138	+
15KM12995	5	101885703	+	15	31595340	+
15KM12995	6	26155670	-	6	26273892	+
15KM12995	6	95567726	-	6	95636208	+
15KM12995	9	106638074	-	9	106732025	+
15KM12995	9	118055334	-	12	39749002	-
15KM12995	9	118065694	+	15	20502666	+
15KM12995	9	118076800	-	1	201970139	-
15KM12995	9	119867713	+	15	37711101	-
15KM12995	9	119884789	+	4	48231133	-
15KM12995	9	119891117	-	5	98670074	-
15KM12995	9	119891168	+	12	9543791	-
15KM12995	9	119897724	-	5	12081631	-
15KM12995	9	119901199	+	11	9003074	+
15KM12995	11	6462293	-	5	15505958	+
15KM12995	11	6473713	+	12	74199682	-
15KM12995	11	6479618	-	12	74208761	-
15KM12995	11	9003070	+	9	119901203	+
15KM12995	11	9025968	+	1	201930550	+
15KM12995	11	9025969	-	17	7424188	-
15KM12995	11	73845015	-	15	32412756	-
15KM12995	11	73845065	+	15	44624617	-
15KM12995	11	73881776	-	1	203886415	-
15KM12995	12	9543791	-	9	119891168	+
15KM12995	12	9543803	+	15	87210109	-
15KM12995	12	9557442	-	3	145518898	+
15KM12995	12	39749002	-	9	118055334	-
15KM12995	12	39749289	+	3	158065581	+
15KM12995	12	39752392	-	5	12529790	-
15KM12995	12	40961651	+	15	44608165	-
15KM12995	12	74199682	-	11	6473713	+
15KM12995	12	74199732	+	5	98683198	-
15KM12995	12	74208760	-	11	6479619	-
15KM12995	12	96423048	-	5	98691716	-
15KM12995	12	96430083	+	15	43370034	-
15KM12995	12	96431280	-	1	201946145	-
15KM12995	12	96431307	+	15	43370060	+
15KM12995	14	38180717	-	4	46184796	+
15KM12995	14	38195001	+	4	48199437	+
15KM12995	14	38198904	-	15	42665796	-
15KM12995	14	39081683	+	5	12455523	-
15KM12995	14	39089097	-	3	158097895	+
15KM12995	14	39092161	-	5	98687723	+
15KM12995	14	39092269	+	17	8687167	-
15KM12995	14	39115280	-	15	37563467	-
15KM12995	14	39115325	+	4	46183513	-
15KM12995	14	106330074	-	14	106370362	+
15KM12995	14	106330468	-	14	106405601	+
15KM12995	15	20502665	+	9	118065695	+
15KM12995	15	20504879	+	4	46187126	+
15KM12995	15	31587164	+	5	15511897	-
15KM12995	15	31595279	-	4	46187987	-
15KM12995	15	31595340	+	5	101885703	+
15KM12995	15	31609579	+	15	37710508	+
15KM12995	15	31610421	-	3	158085744	-
15KM12995	15	31612138	+	5	101882053	-
15KM12995	15	31616286	-	5	98684318	+
15KM12995	15	31616292	+	15	90001445	-
15KM12995	15	31617461	+	15	32412779	+
15KM12995	15	32412755	-	11	73845016	-
15KM12995	15	32412779	+	15	31617461	+
15KM12995	15	37538793	+	17	25780757	+
15KM12995	15	37563464	-	14	39115283	-
15KM12995	15	37573894	-	5	8611084	-
15KM12995	15	37574698	+	17	25773530	+
15KM12995	15	37635780	-	15	43366743	+
15KM12995	15	37709716	+	4	48231239	+
15KM12995	15	37710465	+	1	201964672	-
15KM12995	15	37710508	+	15	31609579	+
15KM12995	15	37711016	-	17	8670926	+
15KM12995	15	37711101	-	9	119867713	+
15KM12995	15	37859867	-	17	8692431	+
15KM12995	15	42643686	+	5	12532332	-
15KM12995	15	42643902	-	15	87197872	-
15KM12995	15	42643986	+	5	15517037	-
15KM12995	15	42646717	-	5	8584710	-
15KM12995	15	42646875	+	15	89988440	+
15KM12995	15	42665796	-	14	38198904	-
15KM12995	15	43337185	+	15	44664204	-
15KM12995	15	43366647	-	15	87209500	+
15KM12995	15	43370034	-	12	96430083	+
15KM12995	15	43370058	+	12	96431309	+
15KM12995	15	44608165	-	12	40961651	+
15KM12995	15	44624617	-	11	73845065	+
15KM12995	15	44624625	+	5	98674297	+
15KM12995	15	44656863	-	5	15517088	+
15KM12995	15	44656896	+	5	22809584	+
15KM12995	15	54164168	+	15	87205475	+
15KM12995	15	54174227	-	5	101874161	+
15KM12995	15	87197867	-	15	42643907	-
15KM12995	15	87197936	+	17	7428542	+
15KM12995	15	87204431	-	4	48206772	-
15KM12995	15	87205475	+	15	54164168	+
15KM12995	15	87210109	-	12	9543803	+
15KM12995	15	89988440	+	15	42646875	+
15KM12995	15	90002055	+	17	25773932	-
15KM12995	17	7415372	+	5	22807967	+
15KM12995	17	7424188	-	11	9025969	-
15KM12995	17	7428542	+	15	87197936	+
15KM12995	17	7438600	-	4	46180314	-
15KM12995	17	8670926	+	15	37711016	-
15KM12995	17	8687167	-	14	39092269	+
15KM12995	17	8692431	+	15	37859867	-
15KM12995	17	8692643	-	3	158139022	-
15KM12995	17	8695043	+	5	98691386	+
15KM12995	17	25773530	+	15	37574698	+
15KM12995	17	25773932	-	15	90002055	+
15KM12995	17	25773981	+	5	12522452	-
15KM12995	17	25778744	-	3	157808448	-
15KM12995	17	25780755	+	15	37538795	+
15KM12995	18	19931386	-	1	7923054	+
15KM12995	18	19931463	+	1	7923183	-
15KM15252	1	8607414	-	1	8779448	+
15KM15252	3	72908077	+	3	96990302	-
15KM15252	3	73051864	+	3	176243117	+
15KM15252	3	73188389	-	3	76718506	+
15KM15252	3	76832251	-	3	77007566	+
15KM15252	3	77212798	-	3	85932979	+
15KM15252	3	80712472	-	3	81355404	+
15KM15252	3	82006621	+	3	97042010	+
15KM15252	3	87869958	+	3	89312546	+
15KM15252	3	87900753	-	3	89482411	+
15KM15252	3	89093670	-	3	97009144	-
15KM15252	3	89312545	+	3	87869959	+
15KM15252	3	89435093	+	3	156250910	-
15KM15252	3	94360466	-	3	96757484	+
15KM15252	3	94415302	+	8	23566915	-
15KM15252	3	94423390	-	3	178584204	+
15KM15252	3	94423432	+	3	97323600	+
15KM15252	3	94866426	-	3	96888689	-
15KM15252	3	95830863	-	3	156250182	+
15KM15252	3	96117248	-	3	155942573	-
15KM15252	3	96118366	+	3	156283714	-
15KM15252	3	96156721	-	3	178661867	-
15KM15252	3	96603142	+	3	172547586	-
15KM15252	3	96715072	-	3	191856051	-
15KM15252	3	96888689	-	3	94866426	-
15KM15252	3	96971532	+	3	172547603	+
15KM15252	3	96991252	+	8	22990906	-
15KM15252	3	97009139	-	3	89093675	-
15KM15252	3	97042010	+	3	82006621	+
15KM15252	3	97089277	-	8	23566436	+
15KM15252	3	97152366	+	3	172584799	-
15KM15252	3	97212227	-	3	190249874	+
15KM15252	3	97323598	+	3	94423434	+
15KM15252	3	155942573	-	3	96117248	-
15KM15252	3	165572567	+	8	23566865	+
15KM15252	3	172319226	-	3	190264211	-
15KM15252	3	172547602	+	3	96971533	+
15KM15252	3	176243117	+	3	73051864	+
15KM15252	3	176626112	-	3	191148880	+
15KM15252	3	178053581	+	3	190249859	-
15KM15252	3	178661865	-	3	96156723	-
15KM15252	3	190264211	-	3	172319226	-
15KM15252	3	191149128	-	8	22966366	+
15KM15252	3	191633238	+	3	195185527	+
15KM15252	3	191856049	-	3	96715074	-
15KM15252	3	195185527	+	3	191633238	+
15KM15252	5	88000260	-	5	163443909	+
15KM15252	7	113514618	-	12	45685265	+
15KM15252	7	115860609	+	7	117030178	+
15KM15252	7	116476223	-	7	117071290	-
15KM15252	7	117030177	+	7	115860610	+
15KM15252	7	117031855	-	7	117076941	-
15KM15252	7	117059820	+	12	24072163	-
15KM15252	7	117071288	-	7	116476225	-
15KM15252	7	117076939	-	7	117031857	-
15KM15252	7	117076959	+	7	143952176	-
15KM15252	7	117079720	+	12	11569342	-
15KM15252	7	117085829	-	7	149002306	+
15KM15252	8	22966366	+	3	191149128	-
15KM15252	8	22990906	-	3	96991252	+
15KM15252	8	23566436	+	3	97089277	-
15KM15252	8	23566864	+	3	165572568	+
15KM15252	8	23566915	-	3	94415302	+
15KM15252	12	11518827	-	12	44192850	-
15KM15252	12	11569342	-	7	117079720	+
15KM15252	12	24067343	+	12	44193674	+
15KM15252	12	24072163	-	7	117059820	+
15KM15252	12	44192849	-	12	11518828	-
15KM15252	12	44193673	+	12	24067344	+
15KM15252	12	45685265	+	7	113514618	-
15KM15252	12	45983379	-	12	46235955	+
15KM15533	2	64299441	-	17	41363960	+
15KM15533	12	11062935	-	12	21108275	+
15KM15533	17	41363960	+	2	64299441	-
15KM18301	3	47341743	+	3	66424492	+
15KM18301	3	57094115	+	3	71814850	+
15KM18301	3	58666713	-	3	67412245	-
15KM18301	3	66424492	+	3	47341743	+
15KM18301	3	67412240	-	3	58666718	-
15KM18301	3	71814850	+	3	57094115	+
15KM18301	3	105756472	-	3	166791997	+
15KM18301	5	77101524	-	5	148014873	+
15KM18301	5	79808904	+	5	85440000	-
15KM18301	5	79954602	+	5	144235157	-
15KM18301	5	80034311	-	5	83917020	+
15KM18301	5	80063635	+	5	144109842	-
15KM18301	5	85331788	+	5	140622070	-
15KM18301	5	85332212	-	5	137168034	+
15KM18301	5	91932476	-	5	152076356	+
15KM18301	17	9177055	+	17	71533572	-
15KM18498	1	236337540	-	16	88388758	-
15KM18498	4	114405599	+	11	85936878	+
15KM18498	10	83464183	-	16	88388582	+
15KM18498	11	78375347	-	11	120152373	+
15KM18498	11	85936875	+	4	114405602	+
15KM18498	16	88388582	+	10	83464183	-
15KM18498	16	88388756	-	1	236337542	-
15KM18875	2	152615491	-	7	77006760	-
15KM18875	2	167499063	-	5	85716146	-
15KM18875	2	167504806	+	9	80369408	+
15KM18875	2	167505024	-	9	80496195	+
15KM18875	2	167515399	-	2	167577910	-
15KM18875	2	167573727	+	9	80382881	-
15KM18875	2	167577909	-	2	167515400	-
15KM18875	4	95195757	-	4	105771947	-
15KM18875	4	95368797	+	4	106188953	+
15KM18875	4	99058366	-	4	160382156	-
15KM18875	4	105771946	-	4	95195758	-
15KM18875	4	106188950	+	4	95368800	+
15KM18875	4	107569378	+	4	160718819	+
15KM18875	4	107569877	-	4	126282121	+
15KM18875	4	107721459	+	4	123885811	+
15KM18875	4	123870550	+	4	126345082	-
15KM18875	4	123885805	+	4	107721465	+
15KM18875	4	126098361	+	4	160719719	-
15KM18875	4	126275836	-	4	128387026	-
15KM18875	4	126282699	-	4	160722199	+
15KM18875	4	126344521	+	4	128385928	+
15KM18875	4	128385927	+	4	126344522	+
15KM18875	4	128387025	-	4	126275837	-
15KM18875	4	160382154	-	4	99058368	-
15KM18875	4	160718813	+	4	107569384	+
15KM18875	5	85716141	-	2	167499068	-
15KM18875	5	107021458	+	9	80406508	+
15KM18875	5	107033798	+	9	80496080	-
15KM18875	6	8214279	-	8	146237276	+
15KM18875	6	12994021	-	6	21393316	-
15KM18875	6	21393314	-	6	12994023	-
15KM18875	7	77006760	-	2	152615491	-
15KM18875	7	100330109	-	11	59910591	-
15KM18875	7	150517883	+	9	80433631	-
15KM18875	8	146237276	+	6	8214279	-
15KM18875	9	80369408	+	2	167504806	+
15KM18875	9	80382881	-	2	167573727	+
15KM18875	9	80406506	+	5	107021460	+
15KM18875	9	80433631	-	7	150517883	+
15KM18875	9	80496080	-	5	107033798	+
15KM18875	9	80496195	+	2	167505024	-
15KM18875	9	138843648	+	19	10964177	+
15KM18875	11	59910588	-	7	100330112	-
15KM18875	11	85314802	-	11	85371574	+
15KM18875	13	21131527	-	13	28025289	-
15KM18875	13	28025289	-	13	21131527	-
15KM18875	16	26563604	+	19	8159828	+
15KM18875	19	5207831	+	19	9787485	+
15KM18875	19	6297472	+	19	11811899	-
15KM18875	19	6404993	-	19	11810831	-
15KM18875	19	8159826	+	16	26563606	+
15KM18875	19	8367599	-	19	33629379	-
15KM18875	19	8530419	-	19	16583113	+
15KM18875	19	8631639	+	19	13528085	+
15KM18875	19	9787485	+	19	5207831	+
15KM18875	19	10219614	+	19	15925762	-
15KM18875	19	10788634	+	19	11497619	-
15KM18875	19	10964176	+	9	138843649	+
15KM18875	19	10972301	+	19	11670036	-
15KM18875	19	11076141	-	19	11310675	+
15KM18875	19	11141984	-	19	12143918	+
15KM18875	19	11145454	-	19	35538440	-
15KM18875	19	11350592	-	19	13775358	+
15KM18875	19	11350653	+	19	11997040	+
15KM18875	19	11362396	-	19	11752480	+
15KM18875	19	11448832	+	19	18588652	-
15KM18875	19	11654613	+	19	13520652	+
15KM18875	19	11681046	+	19	13827981	+
15KM18875	19	11751794	+	19	13779279	-
15KM18875	19	11752192	-	19	13829204	-
15KM18875	19	11810830	+	19	11877601	+
15KM18875	19	11810831	-	19	6404993	-
15KM18875	19	11877599	+	19	11810832	+
15KM18875	19	11986748	-	19	12038699	+
15KM18875	19	11987957	-	19	13613041	+
15KM18875	19	11997037	+	19	11350656	+
15KM18875	19	11998443	+	19	13613200	-
15KM18875	19	12038688	-	19	13855998	-
15KM18875	19	12268404	-	19	12362901	-
15KM18875	19	12294613	+	19	13285357	+
15KM18875	19	12362901	-	19	12268404	-
15KM18875	19	13285357	+	19	12294613	+
15KM18875	19	13420664	-	19	13582830	+
15KM18875	19	13519995	-	19	13999443	-
15KM18875	19	13520652	+	19	11654613	+
15KM18875	19	13528085	+	19	8631639	+
15KM18875	19	13829203	-	19	11752193	-
15KM18875	19	13855997	-	19	12038689	-
15KM18875	19	13999443	-	19	13519995	-
15KM18875	19	14586922	+	19	29968353	+
15KM18875	19	15208570	-	19	16789104	+
15KM18875	19	15826409	+	19	36696026	-
15KM18875	19	16066918	-	19	16959732	-
15KM18875	19	16959731	-	19	16066919	-
15KM18875	19	22984321	-	19	30039350	+
15KM18875	19	29968352	+	19	14586923	+
15KM18875	19	32780541	-	19	33618775	+
15KM18875	19	33629378	-	19	8367600	-
15KM18875	19	35538439	-	19	11145455	-
15KM18875	X	129906547	-	X	129986689	+
15KM19129	1	4745524	-	1	9812584	+
15KM19129	8	130555168	+	14	99052587	+
15KM19129	8	132220933	-	14	98893182	-
15KM19129	10	39107273	+	10	39154240	-
15KM19129	14	98893181	-	8	132220934	-
15KM19129	14	99052587	+	8	130555168	+
15KM19129	16	56546789	-	16	72994589	+
15KM19129	X	81237713	-	X	81279110	+
15KM19963	3	5018299	-	3	5234156	+
15KM19963	3	5018575	+	5	95874107	+
15KM19963	3	6874999	-	3	73389672	+
15KM19963	3	8287826	+	5	75926732	-
15KM19963	3	14069161	-	5	95887925	-
15KM19963	5	75926732	-	3	8287826	+
15KM19963	5	95874106	+	3	5018576	+
15KM19963	5	95887924	-	3	14069162	-
15KM19963	6	53073043	-	12	10893359	-
15KM19963	12	10893359	-	6	53073043	-
15KM19963	18	62486870	+	18	62538558	-
15KM20146	1	154311912	+	11	62435563	-
15KM20146	1	155144595	+	17	4026321	-
15KM20146	3	128276166	-	3	128744822	+
15KM20146	3	128276202	+	3	168873212	-
15KM20146	3	167387810	+	14	101057409	-
15KM20146	3	168873652	+	14	101505499	-
15KM20146	5	17607306	-	5	17652748	+
15KM20146	5	87828672	-	5	164677870	+
15KM20146	11	62206892	+	20	44173038	+
15KM20146	11	62207150	-	20	47887155	+
15KM20146	11	62435379	+	17	7576847	-
15KM20146	11	62435563	-	1	154311912	+
15KM20146	11	62560400	-	20	47860503	+
15KM20146	11	62658624	-	17	6819908	-
15KM20146	11	62658657	+	20	47247288	-
15KM20146	11	62666714	-	17	7480638	+
15KM20146	11	62672672	+	17	7576881	+
15KM20146	11	65005525	+	11	122291522	-
15KM20146	11	119909663	-	17	4367088	+
15KM20146	11	121534513	+	20	47859014	-
15KM20146	11	122291589	+	17	7000929	-
15KM20146	11	122312058	-	20	47509321	+
15KM20146	11	122312096	+	20	44014844	-
15KM20146	11	122376759	+	20	46221083	+
15KM20146	11	122654194	-	20	46548338	+
15KM20146	11	123434481	+	20	44155848	-
15KM20146	14	23111692	-	14	101176974	+
15KM20146	14	23111919	+	14	101505855	+
15KM20146	14	101057409	-	3	167387810	+
15KM20146	14	101505499	-	3	168873652	+
15KM20146	14	101505855	+	14	23111919	+
15KM20146	17	3662942	-	20	44438748	-
15KM20146	17	4026321	-	1	155144595	+
15KM20146	17	4367088	+	11	119909663	-
15KM20146	17	4614827	+	17	38522616	+
15KM20146	17	4770766	-	17	39850088	+
15KM20146	17	6725899	+	20	47887090	-
15KM20146	17	6819908	-	11	62658624	-
15KM20146	17	6962507	-	20	46571646	-
15KM20146	17	7000929	-	11	122291589	+
15KM20146	17	7001059	+	17	39835875	+
15KM20146	17	7480638	+	11	62666714	-
15KM20146	17	7576847	-	11	62435379	+
15KM20146	17	7576879	+	11	62672674	+
15KM20146	17	18181852	-	17	39848950	-
15KM20146	17	18184325	+	20	44014871	+
15KM20146	17	38458345	-	17	39810640	-
15KM20146	17	38522612	+	17	4614831	+
15KM20146	17	39810639	-	17	38458346	-
15KM20146	17	39835874	+	17	7001060	+
15KM20146	17	39848949	-	17	18181853	-
15KM20146	20	44014844	-	11	122312096	+
15KM20146	20	44014871	+	17	18184325	+
15KM20146	20	44155848	-	11	123434481	+
15KM20146	20	44173034	+	11	62206896	+
15KM20146	20	44438747	-	17	3662943	-
15KM20146	20	46221083	+	11	122376759	+
15KM20146	20	46548338	+	11	122654194	-
15KM20146	20	46571644	-	17	6962509	-
15KM20146	20	47247288	-	11	62658657	+
15KM20146	20	47509321	+	11	122312058	-
15KM20146	20	47859014	-	11	121534513	+
15KM20146	20	47860503	+	11	62560400	-
15KM20146	20	47887090	-	17	6725899	+
15KM20146	20	47887155	+	11	62207150	-
15KM20146	22	24116413	+	22	24201884	-
15KM22156	3	4118471	-	3	4231379	+
15KM22156	7	113945893	-	13	82114432	+
15KM22156	13	82114432	+	7	113945893	-
15KM22156	17	10233671	-	17	10298768	+
15KM22156	18	58796009	-	18	58866606	+
15KM22156	20	34821487	-	20	54948911	+
15PB17699	5	126285629	-	7	107956053	-
15PB17699	5	157053138	+	5	157148521	-
15PB17699	5	157056870	-	7	2988173	-
15PB17699	5	157126230	+	7	75964349	+
15PB17699	5	157236345	+	7	75948296	+
15PB17699	7	1253166	+	7	69716344	+
15PB17699	7	2988171	-	5	157056872	-
15PB17699	7	69716344	+	7	1253166	+
15PB17699	7	75948294	+	5	157236347	+
15PB17699	7	75964348	+	5	157126231	+
15PB17699	7	75986731	-	7	107956509	+
15PB17699	7	107956052	-	5	126285630	-
15PB17699	9	134025906	+	9	139424845	+
15PB17699	9	134026095	+	9	136254199	+
15PB17699	9	135669516	+	12	29566546	+
15PB17699	9	136254199	+	9	134026095	+
15PB17699	9	138222726	-	9	139423882	-
15PB17699	9	139423875	-	9	138222733	-
15PB17699	9	139424843	+	9	134025908	+
15PB17699	12	2944174	+	12	4226958	-
15PB17699	12	4834733	-	12	10922765	-
15PB17699	12	10916882	+	20	13890726	-
15PB17699	12	10922764	-	12	4834734	-
15PB17699	12	29566546	+	9	135669516	+
15PB17699	13	27587512	-	18	27138576	+
15PB17699	18	27138576	+	13	27587512	-
15PB17699	20	1759322	-	21	38182334	+
15PB17699	20	12844960	+	20	13890494	+
15PB17699	20	13890493	+	20	12844961	+
15PB17699	20	13890726	-	12	10916882	+
15PB17699	21	38182334	+	20	1759322	-
15PB19164	20	31852392	-	20	49789237	+
15PB19457	3	31874032	-	3	128280676	-
15PB19457	3	33570029	+	3	37646959	+
15PB19457	3	37111899	-	3	169632043	-
15PB19457	3	37646957	+	3	33570031	+
15PB19457	3	128280023	+	3	183678944	-
15PB19457	3	128280673	-	3	31874035	-
15PB19457	3	128286800	+	3	169002322	+
15PB19457	3	128286955	-	3	183648534	+
15PB19457	3	128402965	-	3	183678862	+
15PB19457	3	128888434	+	3	169250872	+
15PB19457	3	129001426	+	3	168874657	-
15PB19457	3	129002031	-	3	183639884	+
15PB19457	3	169002322	+	3	128286800	+
15PB19457	3	169003586	-	3	183648232	-
15PB19457	3	169250872	+	3	128888434	+
15PB19457	3	169632040	-	3	37111902	-
15PB19457	3	183648231	-	3	169003587	-
15PB19457	5	101268694	-	5	160521911	+
15PB19457	10	75106570	-	10	75658670	-
15PB19457	10	75622900	+	10	116607093	+
15PB19457	10	75658664	+	10	105213154	-
15PB19457	10	75658667	-	10	75106573	-
15PB19457	10	116607089	+	10	75622904	+
15PB8708	1	44668291	-	1	44714685	+
15PB8708	2	34548167	-	2	34835389	+
15PB8708	2	36569836	-	12	98715834	-
15PB8708	7	2930657	+	7	2979703	-
15PB8708	7	92187729	+	7	156817524	+
15PB8708	7	92415065	-	7	156816175	-
15PB8708	7	156816174	-	7	92415066	-
15PB8708	7	156817522	+	7	92187731	+
15PB8708	12	11787554	-	12	11986015	+
15PB8708	12	98715833	-	2	36569837	-
15PB8708	20	31691792	-	20	49866920	+
15PB9630	3	15799539	-	3	119191543	+
15PB9630	3	15801257	+	4	39481516	+
15PB9630	3	15851503	-	3	156795854	-
15PB9630	3	15851616	+	3	23543446	+
15PB9630	3	23543446	+	3	15851616	+
15PB9630	3	23543784	-	3	136691039	+
15PB9630	3	73056308	+	3	112333014	+
15PB9630	3	73057847	-	3	119190171	+
15PB9630	3	80812998	-	4	41656627	-
15PB9630	3	87048137	+	4	39475214	-
15PB9630	3	89887526	+	3	154069668	-
15PB9630	3	111850806	-	3	156796112	+
15PB9630	3	112333014	+	3	73056308	+
15PB9630	3	112333238	-	3	129838811	-
15PB9630	3	114055088	-	3	150286011	+
15PB9630	3	114071287	+	3	154070402	+
15PB9630	3	119190275	-	3	152109131	-
15PB9630	3	119231034	+	3	152087859	+
15PB9630	3	119231087	-	3	152095873	-
15PB9630	3	122123461	-	3	123167820	+
15PB9630	3	125302614	-	4	41666880	-
15PB9630	3	125303837	-	3	150256214	-
15PB9630	3	125346645	-	3	132437972	+
15PB9630	3	128203634	+	3	154069465	+
15PB9630	3	128203871	-	3	136694541	+
15PB9630	3	128223971	+	4	41656646	+
15PB9630	3	129838811	-	3	112333238	-
15PB9630	3	132439034	-	3	142993413	-
15PB9630	3	142993409	-	3	132439038	-
15PB9630	3	150256214	-	3	125303837	-
15PB9630	3	152087859	+	3	119231034	+
15PB9630	3	152095873	-	3	119231087	-
15PB9630	3	152108942	+	4	42343733	+
15PB9630	3	152109130	-	3	119190276	-
15PB9630	3	154069465	+	3	128203634	+
15PB9630	3	154070400	+	3	114071289	+
15PB9630	3	156795853	-	3	15851504	-
15PB9630	4	39475214	-	3	87048137	+
15PB9630	4	39481516	+	3	15801257	+
15PB9630	4	41656627	-	3	80812998	-
15PB9630	4	41656646	+	3	128223971	+
15PB9630	4	41666879	-	3	125302615	-
15PB9630	4	42343728	+	3	152108947	+
15PB9630	5	53009026	-	7	82953666	-
15PB9630	5	53182570	-	5	53351284	+
15PB9630	5	53183014	+	5	53353004	-
15PB9630	5	53209496	-	7	80042650	-
15PB9630	5	55138885	-	7	76944695	-
15PB9630	7	70154032	-	7	71361408	+
15PB9630	7	76944693	-	5	55138887	-
15PB9630	7	79789876	+	7	82608833	+
15PB9630	7	80016854	-	7	82995076	-
15PB9630	7	80025889	-	7	82599046	+
15PB9630	7	80042649	-	5	53209497	-
15PB9630	7	82602627	-	7	82993526	+
15PB9630	7	82608828	+	7	79789881	+
15PB9630	7	82953663	-	5	53009029	-
15PB9630	7	82995073	-	7	80016857	-
15PB9630	8	58177261	+	8	58431827	-
15PB9630	11	730421	+	11	127873766	+
15PB9630	11	730958	-	11	127371625	-
15PB9630	11	2563527	-	11	5033970	+
15PB9630	11	2564349	+	11	39682439	-
15PB9630	11	5085932	+	11	100900787	+
15PB9630	11	5182279	-	11	33567489	-
15PB9630	11	6043372	+	11	12098954	-
15PB9630	11	6218992	+	11	127342253	-
15PB9630	11	6219215	-	11	39040383	-
15PB9630	11	6220285	-	11	13190079	+
15PB9630	11	6221198	+	11	98491250	+
15PB9630	11	12219449	-	11	97331120	+
15PB9630	11	13057205	-	11	39199949	+
15PB9630	11	13192566	+	11	127365145	-
15PB9630	11	30293897	+	11	32709210	+
15PB9630	11	31003503	+	11	33791025	+
15PB9630	11	32709210	+	11	30293897	+
15PB9630	11	33567489	-	11	5182279	-
15PB9630	11	33791025	+	11	31003503	+
15PB9630	11	33863746	-	11	39200158	-
15PB9630	11	39040382	-	11	6219216	-
15PB9630	11	39040821	+	11	127353893	+
15PB9630	11	39200157	-	11	33863747	-
15PB9630	11	39681710	-	11	127372245	+
15PB9630	11	43894056	+	12	15953630	-
15PB9630	11	44901887	+	12	15954698	+
15PB9630	11	80820819	-	12	3354484	+
15PB9630	11	82742372	+	11	132780726	+
15PB9630	11	83062427	-	12	13991897	+
15PB9630	11	83198498	-	11	114342704	+
15PB9630	11	98433467	-	11	126965300	+
15PB9630	11	98491248	+	11	6221200	+
15PB9630	11	98491552	-	11	126965433	-
15PB9630	11	98503328	+	11	127873847	+
15PB9630	11	100900784	+	11	5085935	+
15PB9630	11	126965430	-	11	98491555	-
15PB9630	11	127353888	+	11	39040826	+
15PB9630	11	127371624	-	11	730959	-
15PB9630	11	127626449	+	12	33346319	+
15PB9630	11	127873764	+	11	730423	+
15PB9630	11	127873846	+	11	98503329	+
15PB9630	11	132593609	-	11	134105270	+
15PB9630	11	132621378	-	12	2194078	-
15PB9630	11	132780724	+	11	82742374	+
15PB9630	12	754947	+	15	42890889	+
15PB9630	12	2194075	-	11	132621381	-
15PB9630	12	3354484	+	11	80820819	-
15PB9630	12	3933528	+	12	34217362	+
15PB9630	12	4481588	-	12	8257389	+
15PB9630	12	8257259	+	12	24450514	-
15PB9630	12	8816036	-	12	24028298	+
15PB9630	12	8817899	+	12	24400351	+
15PB9630	12	13991897	+	11	83062427	-
15PB9630	12	15953630	-	11	43894056	+
15PB9630	12	15954697	+	11	44901888	+
15PB9630	12	23959748	+	12	93461430	-
15PB9630	12	24308744	-	12	24399567	-
15PB9630	12	24399567	-	12	24308744	-
15PB9630	12	24400347	+	12	8817903	+
15PB9630	12	33346319	+	11	127626449	+
15PB9630	12	34217362	+	12	3933528	+
15PB9630	15	42890889	+	12	754947	+
16KM0672	2	67694972	-	7	85589325	-
16KM0672	7	85589325	-	2	67694972	-
16KM0672	7	125094520	+	7	125202828	-
16KM0672	8	37652779	-	8	37856712	+
16KM0672	8	37886977	-	8	38180807	+
16KM0672	9	4193752	+	9	5763217	+
16KM0672	9	5763217	+	9	4193752	+
16KM0672	12	9928001	-	12	12891687	+
16KM11270	1	2892507	-	3	128244534	-
16KM11270	1	2892508	+	3	128244538	+
16KM11270	3	128244533	-	1	2892508	-
16KM11270	3	128244537	+	1	2892509	+
16KM11270	12	10220517	-	12	26656123	+
16KM11270	16	87150905	+	16	87234480	-
16KM11419	2	8813101	+	15	41976980	+
16KM11419	3	128562902	+	9	90264504	-
16KM11419	5	21244590	+	21	36190307	-
16KM11419	5	22393490	-	7	36489147	-
16KM11419	5	22423615	+	5	91695335	-
16KM11419	5	22950746	-	5	23796459	+
16KM11419	5	25146169	-	13	100225867	+
16KM11419	5	34913914	+	18	1179181	+
16KM11419	5	49531350	+	18	19066907	-
16KM11419	5	57093316	-	18	3693858	-
16KM11419	5	57895693	-	15	29316524	+
16KM11419	5	87990880	+	21	35983000	+
16KM11419	5	91272266	-	13	103554468	+
16KM11419	6	14058977	-	6	16302916	+
16KM11419	6	24496021	-	6	25660660	+
16KM11419	6	124267130	-	6	124354656	+
16KM11419	7	36489142	-	5	22393495	-
16KM11419	7	36498737	+	13	103554449	-
16KM11419	9	90264504	-	3	128562902	+
16KM11419	11	85518166	-	11	86915400	-
16KM11419	11	86587438	+	11	111344625	-
16KM11419	11	86689943	-	11	86884271	+
16KM11419	11	86915396	-	11	85518170	-
16KM11419	13	100225867	+	5	25146169	-
16KM11419	13	103554449	-	7	36498737	+
16KM11419	13	103554468	+	5	91272266	-
16KM11419	15	29316524	+	5	57895693	-
16KM11419	15	41976980	+	2	8813101	+
16KM11419	18	1179177	+	5	34913918	+
16KM11419	18	3693856	-	5	57093318	-
16KM11419	18	19066907	-	5	49531350	+
16KM11419	21	35978261	-	21	36268195	+
16KM11419	21	35983000	+	5	87990880	+
16KM11419	21	36190307	-	5	21244590	+
16KM1213	1	63063992	-	2	18071434	+
16KM1213	2	18071434	+	1	63063992	-
16KM1213	3	33411937	+	17	50453240	-
16KM1213	3	33412369	-	3	63590772	-
16KM1213	3	63581739	+	5	55671050	+
16KM1213	3	63590772	-	3	33412369	-
16KM1213	3	82030298	+	17	55748434	+
16KM1213	3	102802679	+	3	102933610	+
16KM1213	3	102933610	+	3	102802679	+
16KM1213	5	52697696	-	17	22105390	+
16KM1213	5	55671050	+	3	63581739	+
16KM1213	5	80007556	-	5	124552015	-
16KM1213	5	120191556	+	5	171099330	+
16KM1213	5	124552013	-	5	80007558	-
16KM1213	5	171099329	+	5	120191557	+
16KM1213	13	34805485	-	13	34946361	+
16KM1213	17	22105390	+	5	52697696	-
16KM1213	17	50453240	-	3	33411937	+
16KM1213	17	55748434	+	3	82030298	+
16KM16045	1	203989195	-	14	66878373	+
16KM16045	1	203989267	-	3	117036575	-
16KM16045	2	157971912	-	3	147764336	+
16KM16045	2	161011068	+	3	115070583	-
16KM16045	2	201742040	+	2	202377547	+
16KM16045	2	202377546	+	2	201742041	+
16KM16045	3	506848	-	14	66878356	-
16KM16045	3	521089	+	3	115073166	+
16KM16045	3	539710	-	3	147634212	-
16KM16045	3	558070	+	3	147638070	-
16KM16045	3	558157	+	3	117036690	+
16KM16045	3	558944	+	3	133822671	+
16KM16045	3	558948	-	14	64931737	+
16KM16045	3	561992	+	3	123451236	+
16KM16045	3	99394756	-	3	195824064	+
16KM16045	3	115045355	+	14	64925235	+
16KM16045	3	115067180	-	3	133823870	-
16KM16045	3	115067197	+	3	195822004	-
16KM16045	3	115067724	-	3	133220452	-
16KM16045	3	115068743	-	3	117036082	+
16KM16045	3	115070583	-	2	161011068	+
16KM16045	3	115073166	+	3	521089	+
16KM16045	3	115073949	-	3	133822162	-
16KM16045	3	115074128	+	3	133875150	+
16KM16045	3	116429267	-	14	71078454	+
16KM16045	3	116429295	+	3	117176091	-
16KM16045	3	116434730	+	3	116943608	-
16KM16045	3	116869614	+	14	71037632	+
16KM16045	3	116869944	-	3	133822142	-
16KM16045	3	116943425	+	3	147637129	+
16KM16045	3	117024714	+	3	147636385	-
16KM16045	3	117026674	-	14	47166138	-
16KM16045	3	117036575	-	1	203989267	-
16KM16045	3	117036650	-	3	147638671	+
16KM16045	3	117036688	+	3	558159	+
16KM16045	3	117037129	-	3	133218962	+
16KM16045	3	117039564	+	14	78433249	-
16KM16045	3	123439527	+	3	196412281	+
16KM16045	3	123451235	+	3	561993	+
16KM16045	3	127204614	-	3	147756829	+
16KM16045	3	128797558	+	14	71032369	-
16KM16045	3	128810867	+	11	67559542	-
16KM16045	3	131866684	-	3	147637777	-
16KM16045	3	133219846	-	3	147680941	+
16KM16045	3	133220130	+	3	133823857	-
16KM16045	3	133220452	-	3	115067724	-
16KM16045	3	133819924	+	3	133875443	-
16KM16045	3	133821605	+	14	78423818	+
16KM16045	3	133821608	+	14	66872704	+
16KM16045	3	133822142	-	3	116869944	-
16KM16045	3	133822162	-	3	115073949	-
16KM16045	3	133822669	+	3	558946	+
16KM16045	3	133823869	-	3	115067181	-
16KM16045	3	133875149	+	3	115074129	+
16KM16045	3	143680585	+	14	71032615	+
16KM16045	3	147634211	-	3	539711	-
16KM16045	3	147637072	-	14	78433814	+
16KM16045	3	147637127	+	3	116943427	+
16KM16045	3	147637775	-	3	131866686	-
16KM16045	3	147764127	-	3	195829271	-
16KM16045	3	147764336	+	2	157971912	-
16KM16045	3	147771030	-	11	69829193	+
16KM16045	3	147771499	+	14	64925028	-
16KM16045	3	195829271	-	3	147764127	-
16KM16045	3	196412280	+	3	123439528	+
16KM16045	5	105588275	-	7	153228889	+
16KM16045	5	112149437	+	7	102582078	-
16KM16045	6	29685459	+	12	6942481	+
16KM16045	7	102550742	+	7	140933235	+
16KM16045	7	102582078	-	5	112149437	+
16KM16045	7	140933235	+	7	102550742	+
16KM16045	7	140936705	-	18	51871495	-
16KM16045	7	153228889	+	5	105588275	-
16KM16045	11	67559542	-	3	128810867	+
16KM16045	11	69829193	+	3	147771030	-
16KM16045	12	6942479	+	6	29685461	+
16KM16045	12	25566732	+	12	25625892	-
16KM16045	12	53457641	-	17	43246314	+
16KM16045	12	53458557	+	17	33041545	+
16KM16045	12	53717199	+	17	27046528	+
16KM16045	12	53734741	-	17	31038178	+
16KM16045	12	54650808	-	17	27692138	-
16KM16045	12	55322505	+	12	110054577	-
16KM16045	12	55357366	-	12	109932248	-
16KM16045	12	55357635	+	12	55976887	+
16KM16045	12	55976886	+	12	55357636	+
16KM16045	12	56003621	-	17	27622597	-
16KM16045	12	56003720	+	17	47033584	+
16KM16045	12	56219224	-	12	109919084	-
16KM16045	12	56315096	+	12	110043776	+
16KM16045	12	56633777	-	17	30958973	-
16KM16045	12	56705832	+	17	32369738	-
16KM16045	12	56830109	-	17	26991796	+
16KM16045	12	57030879	-	17	26916645	+
16KM16045	12	109062130	-	17	28773174	+
16KM16045	12	109229756	-	12	112741369	+
16KM16045	12	109621265	-	17	27454366	+
16KM16045	12	109652049	-	17	48083547	+
16KM16045	12	109652464	+	17	31037319	-
16KM16045	12	109681737	+	17	27045761	-
16KM16045	12	109721527	+	17	27622238	-
16KM16045	12	109919084	-	12	56219224	-
16KM16045	12	109919139	+	17	41736052	+
16KM16045	12	109932248	-	12	55357366	-
16KM16045	12	109991028	+	17	27595440	+
16KM16045	12	110043776	+	12	56315096	+
16KM16045	12	110164342	+	17	46098024	-
16KM16045	12	110278293	+	17	30666265	+
16KM16045	12	110368693	-	17	41716007	-
16KM16045	12	112265015	+	17	32368831	-
16KM16045	12	112265078	-	12	121884867	+
16KM16045	12	112384961	-	17	31277251	-
16KM16045	12	112840565	+	17	65085613	-
16KM16045	12	112937009	+	17	26944054	+
16KM16045	12	112940532	-	17	39865315	-
16KM16045	12	112942641	+	17	73069819	+
16KM16045	12	121621091	+	17	73085606	-
16KM16045	12	121731621	-	17	35898493	+
16KM16045	12	121742337	+	17	33044561	-
16KM16045	12	121742526	-	17	39885474	+
16KM16045	12	121884605	-	17	30958732	-
16KM16045	12	121911485	-	17	30933152	+
16KM16045	12	122638120	-	17	48083530	-
16KM16045	12	122756205	+	17	33037554	-
16KM16045	12	133203643	-	17	33841202	+
16KM16045	14	47166056	+	14	71088082	-
16KM16045	14	47166135	-	3	117026677	-
16KM16045	14	64925028	-	3	147771499	+
16KM16045	14	64925233	+	3	115045357	+
16KM16045	14	64931377	-	14	71037589	-
16KM16045	14	64931737	+	3	558948	-
16KM16045	14	66872703	+	3	133821609	+
16KM16045	14	66878355	-	3	506849	-
16KM16045	14	66878373	+	1	203989195	-
16KM16045	14	71032369	-	3	128797558	+
16KM16045	14	71032608	+	3	143680592	+
16KM16045	14	71037589	-	14	64931377	-
16KM16045	14	71037632	+	3	116869614	+
16KM16045	14	71078454	+	3	116429267	-
16KM16045	14	78423818	+	3	133821605	+
16KM16045	14	78433249	-	3	117039564	+
16KM16045	14	78433814	+	3	147637072	-
16KM16045	17	26916645	+	12	57030879	-
16KM16045	17	26944050	+	12	112937013	+
16KM16045	17	26944070	-	17	65249066	-
16KM16045	17	26991092	-	17	34192903	-
16KM16045	17	26991796	+	12	56830109	-
16KM16045	17	27045761	-	12	109681737	+
16KM16045	17	27046528	+	12	53717199	+
16KM16045	17	27454366	+	12	109621265	-
16KM16045	17	27454407	+	17	73090545	+
16KM16045	17	27454617	-	17	45473227	+
16KM16045	17	27487985	-	17	27595401	-
16KM16045	17	27595399	-	17	27487987	-
16KM16045	17	27595440	+	12	109991028	+
16KM16045	17	27622238	-	12	109721527	+
16KM16045	17	27622596	-	12	56003622	-
16KM16045	17	27692137	-	12	54650809	-
16KM16045	17	28771915	-	17	33840527	-
16KM16045	17	28773174	+	12	109062130	-
16KM16045	17	29565830	-	17	39972078	-
16KM16045	17	29567559	+	17	45473258	-
16KM16045	17	30666264	+	12	110278294	+
16KM16045	17	30933116	-	17	41624257	+
16KM16045	17	30933152	+	12	121911485	-
16KM16045	17	30958728	-	12	121884609	-
16KM16045	17	30958972	-	12	56633778	-
16KM16045	17	31037319	-	12	109652464	+
16KM16045	17	31038178	+	12	53734741	-
16KM16045	17	31277251	-	12	112384961	-
16KM16045	17	32368831	-	12	112265015	+
16KM16045	17	32368975	+	17	39864292	+
16KM16045	17	32369490	+	17	36249135	-
16KM16045	17	32369634	-	17	34192987	+
16KM16045	17	32369738	-	12	56705832	+
16KM16045	17	33037554	-	12	122756205	+
16KM16045	17	33041545	+	12	53458557	+
16KM16045	17	33044396	+	17	34192637	+
16KM16045	17	33044561	-	12	121742337	+
16KM16045	17	33320358	-	17	34032523	-
16KM16045	17	33320664	+	17	48261664	+
16KM16045	17	33840527	-	17	28771915	-
16KM16045	17	33841202	+	12	133203643	-
16KM16045	17	33956769	+	17	35925307	-
16KM16045	17	34032522	-	17	33320359	-
16KM16045	17	34192636	+	17	33044397	+
16KM16045	17	34192897	-	17	26991098	-
16KM16045	17	35898493	+	12	121731621	-
16KM16045	17	39864291	+	17	32368976	+
16KM16045	17	39865315	-	12	112940532	-
16KM16045	17	39884324	-	17	48697906	+
16KM16045	17	39885474	+	12	121742526	-
16KM16045	17	39972076	-	17	29565832	-
16KM16045	17	41616498	-	17	46361098	-
16KM16045	17	41710926	+	17	47834942	+
16KM16045	17	41716006	-	12	110368694	-
16KM16045	17	41736050	+	12	109919141	+
16KM16045	17	42888763	-	17	42956620	+
16KM16045	17	43049340	-	17	48695750	-
16KM16045	17	43246314	+	12	53457641	-
16KM16045	17	46098024	-	12	110164342	+
16KM16045	17	46337401	+	17	47033539	-
16KM16045	17	46361097	-	17	41616499	-
16KM16045	17	46470399	-	17	47060837	-
16KM16045	17	47033584	+	12	56003720	+
16KM16045	17	47060837	-	17	46470399	-
16KM16045	17	47834941	+	17	41710927	+
16KM16045	17	48083530	-	12	122638120	-
16KM16045	17	48083547	+	12	109652049	-
16KM16045	17	48261662	+	17	33320666	+
16KM16045	17	48695749	-	17	43049341	-
16KM16045	17	65085613	-	12	112840565	+
16KM16045	17	65086091	+	17	74385463	+
16KM16045	17	65249064	-	17	26944072	-
16KM16045	17	73069819	+	12	112942641	+
16KM16045	17	73085606	-	12	121621091	+
16KM16045	17	73090545	+	17	27454407	+
16KM16045	17	74385462	+	17	65086092	+
16KM16045	18	51871493	-	7	140936707	-
16KM16320	3	111207378	+	17	46149988	-
16KM16320	3	111207753	-	17	46138881	+
16KM16320	3	111222285	-	7	28062976	-
16KM16320	4	103990484	-	4	129009577	+
16KM16320	5	10402310	-	5	10491121	-
16KM16320	5	10402620	+	5	10492272	+
16KM16320	5	10491121	-	5	10402310	-
16KM16320	5	10492269	+	5	10402623	+
16KM16320	5	58324734	-	5	59957712	+
16KM16320	5	81935048	-	5	159493062	+
16KM16320	6	6436684	-	6	147921084	+
16KM16320	6	6437024	+	6	151329459	-
16KM16320	6	7640903	-	6	146599375	-
16KM16320	6	7720208	+	11	62364656	-
16KM16320	6	7722180	-	11	58590510	-
16KM16320	6	7722233	+	11	10654569	+
16KM16320	6	7724304	-	11	58704988	-
16KM16320	6	7725243	+	6	146366028	-
16KM16320	6	7726295	-	11	7014607	-
16KM16320	6	7729651	+	11	63711300	+
16KM16320	6	146343246	+	11	58570693	-
16KM16320	6	146380961	-	11	7013413	+
16KM16320	6	146381001	+	6	147930090	-
16KM16320	6	146387825	+	11	7040366	-
16KM16320	6	146393390	-	6	150351674	+
16KM16320	6	146595565	+	11	63662406	-
16KM16320	6	146599373	-	6	7640905	-
16KM16320	6	146649894	+	11	33338686	+
16KM16320	6	146650251	-	11	35741221	+
16KM16320	6	146706553	+	6	151322650	-
16KM16320	6	146719941	+	11	2699808	-
16KM16320	6	146733456	+	11	61150484	+
16KM16320	6	146789550	-	11	58671662	-
16KM16320	6	146789570	+	11	61051962	-
16KM16320	6	146793582	-	11	33344018	-
16KM16320	6	147907583	+	6	151329523	+
16KM16320	6	147908423	-	11	63661445	+
16KM16320	6	147912348	-	11	62488432	-
16KM16320	6	147913619	-	11	62492554	-
16KM16320	6	147913625	+	11	62487976	+
16KM16320	6	147915264	-	11	35741095	-
16KM16320	6	147930121	+	11	62453298	-
16KM16320	6	147956025	+	11	33338659	-
16KM16320	6	147956112	-	6	6441183	-
16KM16320	6	150430916	+	6	151327735	+
16KM16320	6	150431381	-	11	33387558	-
16KM16320	6	151320678	+	11	61150397	-
16KM16320	6	151327732	+	6	150430919	+
16KM16320	6	151329523	+	6	147907583	+
16KM16320	7	28062974	-	3	111222287	-
16KM16320	7	72199364	-	7	85830467	-
16KM16320	7	85808317	+	17	46131261	+
16KM16320	7	85830466	-	7	72199365	-
16KM16320	7	85830782	-	7	122023580	+
16KM16320	7	90408718	-	13	42201008	-
16KM16320	7	98137097	+	7	100193151	-
16KM16320	7	98145585	-	17	46139009	-
16KM16320	7	98145601	+	7	115226121	+
16KM16320	7	100181243	+	17	46192457	+
16KM16320	7	115226120	+	7	98145602	+
16KM16320	7	115231634	+	17	43708477	-
16KM16320	11	2699808	-	6	146719941	+
16KM16320	11	2699940	+	11	62388617	-
16KM16320	11	2894093	-	11	35698376	+
16KM16320	11	7013413	+	6	146380961	-
16KM16320	11	7014606	-	6	7726296	-
16KM16320	11	7040366	-	6	146387825	+
16KM16320	11	7098792	-	11	58570868	+
16KM16320	11	10382406	-	11	62489599	-
16KM16320	11	10382436	+	11	62501294	+
16KM16320	11	10654523	-	19	58558772	-
16KM16320	11	10654567	+	6	7722235	+
16KM16320	11	14507025	+	11	62388654	+
16KM16320	11	33292348	-	11	58667817	-
16KM16320	11	33292617	+	11	63726415	-
16KM16320	11	33338659	-	6	147956025	+
16KM16320	11	33338685	+	6	146649895	+
16KM16320	11	33344016	-	6	146793584	-
16KM16320	11	33385323	+	19	58550917	+
16KM16320	11	33387558	-	6	150431381	-
16KM16320	11	33387563	+	11	58653554	+
16KM16320	11	33388197	-	11	61134458	+
16KM16320	11	35741091	-	6	147915268	-
16KM16320	11	35741221	+	6	146650251	-
16KM16320	11	35759764	-	11	61116359	+
16KM16320	11	35759817	+	11	61134996	+
16KM16320	11	58570693	-	6	146343246	+
16KM16320	11	58590508	-	6	7722182	-
16KM16320	11	58653554	+	11	33387563	+
16KM16320	11	58667815	-	11	33292350	-
16KM16320	11	58667912	+	11	63726737	+
16KM16320	11	58671662	-	6	146789550	-
16KM16320	11	58690903	-	19	58558897	+
16KM16320	11	58704850	+	11	62487975	-
16KM16320	11	58704988	-	6	7724304	-
16KM16320	11	61015662	+	11	62488438	+
16KM16320	11	61051024	+	11	62490459	+
16KM16320	11	61051962	-	6	146789570	+
16KM16320	11	61134996	+	11	35759817	+
16KM16320	11	61150397	-	6	151320678	+
16KM16320	11	61150484	+	6	146733456	+
16KM16320	11	62364656	-	6	7720208	+
16KM16320	11	62365021	+	19	34814882	+
16KM16320	11	62365256	-	11	62453431	+
16KM16320	11	62388653	+	11	14507026	+
16KM16320	11	62453298	-	6	147930121	+
16KM16320	11	62487976	+	6	147913625	+
16KM16320	11	62488431	-	6	147912349	-
16KM16320	11	62488436	+	11	61015664	+
16KM16320	11	62489599	-	11	10382406	-
16KM16320	11	62490459	+	11	61051024	+
16KM16320	11	62492551	-	6	147913622	-
16KM16320	11	62501294	+	11	10382436	+
16KM16320	11	63661445	+	6	147908423	-
16KM16320	11	63662406	-	6	146595565	+
16KM16320	11	63711299	+	6	7729652	+
16KM16320	11	63726737	+	11	58667912	+
16KM16320	13	34487693	-	13	42264148	+
16KM16320	13	34524433	+	17	43788275	-
16KM16320	13	42035318	+	17	43729145	+
16KM16320	13	42201006	-	7	90408720	-
16KM16320	13	46149479	-	13	55077773	+
16KM16320	17	43708477	-	7	115231634	+
16KM16320	17	43729145	+	13	42035318	+
16KM16320	17	43788275	-	13	34524433	+
16KM16320	17	46131260	+	7	85808318	+
16KM16320	17	46138881	+	3	111207753	-
16KM16320	17	46139006	-	7	98145588	-
16KM16320	17	46149988	-	3	111207378	+
16KM16320	17	46192457	+	7	100181243	+
16KM16320	19	30051676	-	19	58303197	-
16KM16320	19	34814882	+	11	62365021	+
16KM16320	19	58303195	-	19	30051678	-
16KM16320	19	58550913	+	11	33385327	+
16KM16320	19	58558771	-	11	10654524	-
16KM16320	19	58558897	+	11	58690903	-
16KM1892	3	53050745	-	3	121960830	-
16KM1892	3	62457365	+	3	81392069	-
16KM1892	3	62604169	-	12	21837718	+
16KM1892	3	73728070	+	12	33895274	-
16KM1892	3	81392580	+	12	23246783	-
16KM1892	3	119055803	-	12	6375089	-
16KM1892	3	119130727	+	3	167646819	-
16KM1892	3	121960829	-	3	53050746	-
16KM1892	3	125383513	+	3	125428879	+
16KM1892	3	125428877	+	3	125383515	+
16KM1892	3	125981943	-	3	174626898	+
16KM1892	3	165927043	+	3	167675186	-
16KM1892	3	166160231	-	3	167486147	+
16KM1892	5	1521177	-	5	29263666	+
16KM1892	5	1537741	+	5	22941372	-
16KM1892	5	1684462	-	5	41126943	-
16KM1892	5	8052572	+	17	11884498	+
16KM1892	5	41126943	-	5	1684462	-
16KM1892	5	116213121	-	5	116341272	-
16KM1892	5	116213306	+	5	116360527	+
16KM1892	5	116341265	-	5	116213128	-
16KM1892	5	116360527	+	5	116213306	+
16KM1892	12	6375089	-	3	119055803	-
16KM1892	12	21837718	+	3	62604169	-
16KM1892	12	23246783	-	3	81392580	+
16KM1892	12	33895274	-	3	73728070	+
16KM1892	17	11884494	+	5	8052576	+
16KM1892	19	33669712	-	19	34403965	+
16KM1892	20	9379341	-	20	10603834	+
16KM1892	20	23781957	+	20	31415235	-
16KM1892	20	23914869	+	20	30927817	-
16KM1892	20	46119530	+	20	49673867	+
16KM1892	20	49673867	+	20	46119530	+
16KM4020	3	15070489	+	3	49514412	-
16KM4020	3	15075584	-	11	123090441	+
16KM4020	3	15079845	+	11	9198358	-
16KM4020	3	42107497	+	11	2960660	+
16KM4020	3	42108290	-	11	47146201	-
16KM4020	3	42160858	+	11	9203995	-
16KM4020	3	42168055	+	3	45652281	+
16KM4020	3	45652279	+	3	42168057	+
16KM4020	3	45695869	+	3	153505701	+
16KM4020	3	45700948	+	11	123138715	+
16KM4020	3	45703751	-	11	122993740	+
16KM4020	3	49503886	-	11	9200993	-
16KM4020	3	153505699	+	3	45695871	+
16KM4020	4	9970845	-	4	105920117	+
16KM4020	4	9970884	+	4	83879665	-
16KM4020	4	9977825	-	4	84364822	+
16KM4020	4	11377795	+	11	114570718	+
16KM4020	4	11378960	-	4	186280297	+
16KM4020	4	11379147	+	4	106174494	-
16KM4020	4	22206534	-	4	86019661	+
16KM4020	4	22356170	+	4	144897562	-
16KM4020	4	22359841	-	4	26695702	-
16KM4020	4	22359939	+	11	114572302	-
16KM4020	4	22368055	-	4	78821820	+
16KM4020	4	22370198	-	4	24183305	+
16KM4020	4	24137334	+	4	27011996	+
16KM4020	4	24145112	-	4	99266095	-
16KM4020	4	24145153	+	4	103246957	-
16KM4020	4	24176088	-	4	86019520	-
16KM4020	4	24183308	-	4	183813614	-
16KM4020	4	24208105	-	4	27026755	-
16KM4020	4	24209227	-	11	111498938	-
16KM4020	4	24209231	+	11	114588015	-
16KM4020	4	24213301	+	4	183826256	-
16KM4020	4	24240697	-	4	105925514	+
16KM4020	4	24253775	+	4	24808620	-
16KM4020	4	24799049	+	11	114671995	-
16KM4020	4	24816058	+	4	105956331	+
16KM4020	4	24826216	-	4	78826886	-
16KM4020	4	26614330	+	4	78737158	+
16KM4020	4	26614884	-	11	111470186	+
16KM4020	4	26639602	-	11	113415770	+
16KM4020	4	26640462	+	4	106064396	-
16KM4020	4	26695702	-	4	22359841	-
16KM4020	4	26702531	-	15	35214263	-
16KM4020	4	27011993	+	4	24137337	+
16KM4020	4	27026755	-	4	24208105	-
16KM4020	4	27026804	+	4	99279900	-
16KM4020	4	27088734	-	4	84360894	-
16KM4020	4	27088817	+	4	99050817	-
16KM4020	4	74160420	-	4	103264664	+
16KM4020	4	74160445	+	11	113417786	+
16KM4020	4	77882363	-	4	106170980	+
16KM4020	4	78737158	+	4	26614330	+
16KM4020	4	78821753	-	4	144585566	-
16KM4020	4	78826885	-	4	24826217	-
16KM4020	4	79809143	+	4	86017101	+
16KM4020	4	79829644	-	4	83296756	+
16KM4020	4	79857230	-	11	111470360	-
16KM4020	4	79860160	+	4	105915390	-
16KM4020	4	81250960	-	11	111452649	-
16KM4020	4	83717106	-	4	99058405	+
16KM4020	4	83717133	+	15	35285088	+
16KM4020	4	83879710	+	4	105921231	+
16KM4020	4	83881566	-	4	144878078	+
16KM4020	4	83894800	-	11	113431204	-
16KM4020	4	84216046	+	4	183839383	-
16KM4020	4	84360894	-	4	27088734	-
16KM4020	4	85369915	-	4	105925496	-
16KM4020	4	85370010	+	11	114587958	+
16KM4020	4	85382703	-	4	99266223	+
16KM4020	4	86017101	+	4	79809143	+
16KM4020	4	86019520	-	4	24176088	-
16KM4020	4	86020224	-	11	114572351	+
16KM4020	4	86034643	-	15	35215054	+
16KM4020	4	86034682	+	4	105921175	-
16KM4020	4	99050210	+	4	105896554	-
16KM4020	4	99058379	-	11	112725834	+
16KM4020	4	99210800	+	4	105896607	+
16KM4020	4	99266090	-	4	24145117	-
16KM4020	4	105896604	+	4	99210803	+
16KM4020	4	105920044	-	15	35211342	+
16KM4020	4	105921227	+	4	83879714	+
16KM4020	4	105925496	-	4	85369915	-
16KM4020	4	105956331	+	4	24816058	+
16KM4020	4	105965559	-	4	186263023	+
16KM4020	4	105965583	+	11	113408057	-
16KM4020	4	105977539	-	15	35284833	-
16KM4020	4	144467931	+	11	114672150	+
16KM4020	4	144585566	-	4	78821753	-
16KM4020	4	183813614	-	4	24183308	-
16KM4020	4	183814877	+	4	186269612	-
16KM4020	4	186280592	-	15	35269744	+
16KM4020	4	186350076	+	11	111471084	+
16KM4020	5	88177045	-	5	162865616	+
16KM4020	7	62371586	+	7	75772906	-
16KM4020	7	69482940	+	21	43360371	-
16KM4020	7	77105661	+	21	42397273	-
16KM4020	7	78348921	+	7	82302266	-
16KM4020	7	78349054	-	7	79438014	+
16KM4020	7	78369724	-	7	80934419	-
16KM4020	7	80103209	-	7	80933980	+
16KM4020	7	80107715	+	7	80928758	+
16KM4020	7	80118028	-	21	33996672	-
16KM4020	7	80928757	+	7	80107716	+
16KM4020	7	80934419	-	7	78369724	-
16KM4020	7	80937410	-	21	44374853	+
16KM4020	7	80942033	+	21	43812452	-
16KM4020	11	2960660	+	3	42107497	+
16KM4020	11	9198358	-	3	15079845	+
16KM4020	11	9200993	-	3	49503886	-
16KM4020	11	9203995	-	3	42160858	+
16KM4020	11	9204960	+	11	123135890	+
16KM4020	11	13748520	-	11	118735666	-
16KM4020	11	47146198	-	3	42108293	-
16KM4020	11	47861500	-	11	48091427	+
16KM4020	11	111452646	-	4	81250963	-
16KM4020	11	111470186	+	4	26614884	-
16KM4020	11	111470360	-	4	79857230	-
16KM4020	11	111471081	+	4	186350079	+
16KM4020	11	111498938	-	4	24209227	-
16KM4020	11	112725834	+	4	99058379	-
16KM4020	11	113408057	-	4	105965583	+
16KM4020	11	113415770	+	4	26639602	-
16KM4020	11	113417784	+	4	74160447	+
16KM4020	11	113431204	-	4	83894800	-
16KM4020	11	114570715	+	4	11377798	+
16KM4020	11	114572302	-	4	22359939	+
16KM4020	11	114572351	+	4	86020224	-
16KM4020	11	114587957	+	4	85370011	+
16KM4020	11	114588015	-	4	24209231	+
16KM4020	11	114671995	-	4	24799049	+
16KM4020	11	114672149	+	4	144467932	+
16KM4020	11	118735665	-	11	13748521	-
16KM4020	11	122993740	+	3	45703751	-
16KM4020	11	123090441	+	3	15075584	-
16KM4020	11	123135889	+	11	9204961	+
16KM4020	11	123138714	+	3	45700949	+
16KM4020	13	23718509	-	13	82943320	-
16KM4020	13	28170390	-	13	104212249	+
16KM4020	13	28312949	-	13	29397791	+
16KM4020	13	28448472	-	13	92913941	-
16KM4020	13	28449330	-	13	104177813	+
16KM4020	13	29421794	-	13	85847728	-
16KM4020	13	29511937	-	13	29986514	+
16KM4020	13	29939521	-	13	85844606	+
16KM4020	13	29940070	+	13	82986767	+
16KM4020	13	29977713	-	21	10974966	+
16KM4020	13	33536510	-	13	41593328	+
16KM4020	13	34234991	+	13	41343742	+
16KM4020	13	36643519	+	13	52514970	-
16KM4020	13	36643688	-	13	52507319	-
16KM4020	13	36646285	-	13	55977637	-
16KM4020	13	36647648	-	13	55612194	-
16KM4020	13	36648003	-	13	55612197	-
16KM4020	13	41343738	+	13	34234995	+
16KM4020	13	41638841	-	13	52723883	-
16KM4020	13	41639340	+	13	56487860	+
16KM4020	13	41668766	+	17	47080015	-
16KM4020	13	44303881	-	17	67936923	+
16KM4020	13	44750159	-	17	67695529	-
16KM4020	13	52507318	-	13	36643689	-
16KM4020	13	52512852	+	17	67936960	+
16KM4020	13	52534696	-	17	67695970	+
16KM4020	13	52723882	-	13	41638842	-
16KM4020	13	55611612	+	17	44796446	-
16KM4020	13	55611689	+	17	37551762	-
16KM4020	13	55612194	-	13	36647648	-
16KM4020	13	55612197	-	13	36648003	-
16KM4020	13	55929531	+	17	67699215	+
16KM4020	13	55977634	-	13	36646288	-
16KM4020	13	56475085	+	17	37555568	+
16KM4020	13	56485735	-	17	37561740	-
16KM4020	13	56487860	+	13	41639340	+
16KM4020	13	65747435	-	17	47206667	-
16KM4020	13	66112877	+	Y	23063626	-
16KM4020	13	81910782	-	13	85842940	-
16KM4020	13	81911434	+	13	85661134	+
16KM4020	13	82627246	-	13	83015474	-
16KM4020	13	82943319	-	13	23718510	-
16KM4020	13	82986765	+	13	29940072	+
16KM4020	13	83004016	+	13	92844004	-
16KM4020	13	83015474	-	13	82627246	-
16KM4020	13	85661134	+	13	81911434	+
16KM4020	13	85842940	-	13	81910782	-
16KM4020	13	85847726	-	13	29421796	-
16KM4020	13	92913940	-	13	28448473	-
16KM4020	13	94472904	+	13	102404790	-
16KM4020	13	94473559	-	13	113698001	-
16KM4020	13	94505424	-	13	99149109	-
16KM4020	13	95667294	-	13	95833358	+
16KM4020	13	99127576	+	13	103164477	+
16KM4020	13	99149109	-	13	94505424	-
16KM4020	13	103164475	+	13	99127578	+
16KM4020	13	113698001	-	13	94473559	-
16KM4020	13	114100709	-	17	79158835	-
16KM4020	15	35211342	+	4	105920044	-
16KM4020	15	35214262	-	4	26702532	-
16KM4020	15	35215054	+	4	86034643	-
16KM4020	15	35269744	+	4	186280592	-
16KM4020	15	35284833	-	4	105977539	-
16KM4020	15	35285087	+	4	83717134	+
16KM4020	15	40606887	-	15	42538958	+
16KM4020	17	37551762	-	13	55611689	+
16KM4020	17	37555565	+	13	56475088	+
16KM4020	17	37561739	-	13	56485736	-
16KM4020	17	41222557	+	17	67306162	-
16KM4020	17	41328824	+	17	47215887	+
16KM4020	17	44796446	-	13	55611612	+
16KM4020	17	44845286	-	17	67728878	-
16KM4020	17	44908067	-	17	67234481	+
16KM4020	17	44908474	+	17	47110269	-
16KM4020	17	47080015	-	13	41668766	+
16KM4020	17	47206667	-	13	65747435	-
16KM4020	17	47215886	+	17	41328825	+
16KM4020	17	67695527	-	13	44750161	-
16KM4020	17	67695970	+	13	52534696	-
16KM4020	17	67699211	+	13	55929535	+
16KM4020	17	67728876	-	17	44845288	-
16KM4020	17	67936923	+	13	44303881	-
16KM4020	17	67936960	+	13	52512852	+
16KM4020	17	79158835	-	13	114100709	-
16KM4020	19	55443150	+	19	55484491	-
16KM4020	21	10974966	+	13	29977713	-
16KM4020	21	16415764	+	21	23974892	-
16KM4020	21	19856924	-	21	25416774	+
16KM4020	21	22842795	+	21	27495284	+
16KM4020	21	22915361	-	21	23975128	+
16KM4020	21	22915690	+	21	27495120	-
16KM4020	21	24912754	-	21	27495773	+
16KM4020	21	27495282	+	21	22842797	+
16KM4020	21	28376660	+	21	31732220	+
16KM4020	21	31177082	-	21	43611944	+
16KM4020	21	31732219	+	21	28376661	+
16KM4020	21	33299605	+	21	43612700	-
16KM4020	21	33300895	+	21	43613602	+
16KM4020	21	33996669	-	7	80118031	-
16KM4020	21	39719858	+	21	44817243	-
16KM4020	21	42397273	-	7	77105661	+
16KM4020	21	43360371	-	7	69482940	+
16KM4020	21	43613600	+	21	33300897	+
16KM4020	21	43812452	-	7	80942033	+
16KM4020	21	44374853	+	7	80937410	-
16KM4020	Y	7099626	+	Y	22977318	+
16KM4020	Y	14704506	+	Y	23063724	+
16KM4020	Y	22977318	+	Y	7099626	+
16KM4020	Y	23063626	-	13	66112877	+
16KM4020	Y	23063720	+	Y	14704510	+
16KM4660	7	53650726	+	8	50414017	-
16KM4660	8	50414017	-	7	53650726	+
16KM4660	17	70772607	-	17	70820147	+
16KM4660	X	134208102	+	X	134670519	+
16KM4660	X	134670517	+	X	134208104	+
16PB12474	6	25329744	-	7	99719050	+
16PB12474	6	25331266	+	12	14667324	-
16PB12474	6	25506890	-	12	5494125	-
16PB12474	6	29821737	+	7	99717711	-
16PB12474	6	107509383	-	12	14665875	+
16PB12474	6	111671883	+	15	72970484	+
16PB12474	7	51795962	-	7	51843683	+
16PB12474	7	99717711	-	6	29821737	+
16PB12474	7	99719050	+	6	25329744	-
16PB12474	12	5269182	-	12	14667489	+
16PB12474	12	5306402	+	12	14437983	+
16PB12474	12	5494124	-	6	25506891	-
16PB12474	12	5592868	+	15	38962527	+
16PB12474	12	14437983	+	12	5306402	+
16PB12474	12	14665875	+	6	107509383	-
16PB12474	12	14667324	-	6	25331266	+
16PB12474	12	14668373	-	15	39999619	-
16PB12474	12	14668398	+	15	71299170	+
16PB12474	12	15223275	+	15	29649526	-
16PB12474	12	15274419	-	15	23617170	+
16PB12474	12	19023448	+	15	27869065	-
16PB12474	15	23617170	+	12	15274419	-
16PB12474	15	23618534	-	15	29649362	+
16PB12474	15	27869065	-	12	19023448	+
16PB12474	15	29649526	-	12	15223275	+
16PB12474	15	38962527	+	12	5592868	+
16PB12474	15	38962675	-	15	39091108	+
16PB12474	15	39909950	-	15	78471101	+
16PB12474	15	39999619	-	12	14668373	-
16PB12474	15	43847301	+	15	72970830	-
16PB12474	15	71299170	+	12	14668398	+
16PB12474	15	72970483	+	6	111671884	+
16PB12474	21	16423249	-	21	17911189	-
16PB12474	21	16424557	+	21	17911212	+
16PB12474	21	17911187	-	21	16423251	-
16PB12474	21	17911211	+	21	16424558	+
16PB12474	X	130842004	-	X	134818005	+
16PB12553	5	482277	-	5	52505968	-
16PB12553	5	52505968	-	5	482277	-
16PB12553	17	56343367	-	21	37396576	+
16PB12553	19	23626192	+	19	23685346	-
16PB12553	21	35782573	-	21	36211217	-
16PB12553	21	36211217	-	21	35782573	-
16PB12553	21	37396576	+	17	56343367	-
16PB12553	21	39754239	+	21	39889759	-
16PB1441	1	58951910	-	7	98617782	+
16PB1441	1	58954441	+	5	68700340	-
16PB1441	1	58970081	-	12	11910924	-
16PB1441	1	62522343	+	17	7723879	+
16PB1441	1	62523828	+	17	7067310	-
16PB1441	1	62527083	-	7	41932649	+
16PB1441	1	62531964	-	1	111909355	-
16PB1441	1	62533690	+	7	77687186	+
16PB1441	1	67337874	-	7	35542553	-
16PB1441	1	71251266	+	17	1288242	-
16PB1441	1	71348076	-	7	98622926	-
16PB1441	1	71535159	+	7	5192609	+
16PB1441	1	71539089	-	7	78354886	+
16PB1441	1	111906010	+	7	145911278	-
16PB1441	1	111906424	-	7	98696281	+
16PB1441	1	111909354	-	1	62531965	-
16PB1441	1	111924326	+	13	44358072	-
16PB1441	1	111925994	-	12	12194302	-
16PB1441	1	111930538	+	5	68711884	+
16PB1441	1	111931211	-	12	12189522	-
16PB1441	1	116700631	+	7	151311260	+
16PB1441	1	116710104	-	7	145911321	+
16PB1441	1	116729271	-	5	68718994	-
16PB1441	5	68649177	+	13	44360612	+
16PB1441	5	68700340	-	1	58954441	+
16PB1441	5	68711883	+	1	111930539	+
16PB1441	5	68712491	-	12	12188204	-
16PB1441	5	68712644	+	12	11902884	+
16PB1441	5	68718993	-	1	116729272	-
16PB1441	5	177065924	-	13	44361617	+
16PB1441	5	177066587	+	17	1280292	+
16PB1441	7	1095240	-	7	98686247	-
16PB1441	7	1104917	+	12	12194096	+
16PB1441	7	1106109	-	7	77681935	+
16PB1441	7	1114399	-	7	108332238	+
16PB1441	7	5167626	-	17	7712234	-
16PB1441	7	5167634	+	12	12189274	+
16PB1441	7	5177361	-	17	4962984	+
16PB1441	7	5192606	+	1	71535162	+
16PB1441	7	13674821	-	7	13743304	+
16PB1441	7	35542307	+	10	13178660	+
16PB1441	7	35542553	-	1	67337874	-
16PB1441	7	35837066	-	7	108330774	-
16PB1441	7	35844384	+	7	77615272	-
16PB1441	7	35848324	-	17	7067338	+
16PB1441	7	41932649	+	1	62527083	-
16PB1441	7	77620686	+	13	44361252	-
16PB1441	7	77621038	-	7	98686283	+
16PB1441	7	77622101	-	10	133807035	+
16PB1441	7	77678599	+	17	1280059	-
16PB1441	7	77681879	-	10	13187328	-
16PB1441	7	77684544	-	7	145820900	-
16PB1441	7	77687185	+	1	62533691	+
16PB1441	7	78354886	+	1	71539089	-
16PB1441	7	78359851	-	7	108334842	+
16PB1441	7	81227961	+	7	108332565	-
16PB1441	7	81260271	+	12	11926604	+
16PB1441	7	81407193	+	17	1286591	+
16PB1441	7	97651366	+	7	98668543	-
16PB1441	7	97655591	+	10	13188036	+
16PB1441	7	98617782	+	1	58951910	-
16PB1441	7	98622926	-	1	71348076	-
16PB1441	7	98670899	-	7	108324153	-
16PB1441	7	98686246	-	7	1095241	-
16PB1441	7	98689274	-	10	7791027	+
16PB1441	7	98696281	+	1	111906424	-
16PB1441	7	108318718	-	12	12193972	-
16PB1441	7	108324153	-	7	98670899	-
16PB1441	7	108330774	-	7	35837066	-
16PB1441	7	108338134	-	13	44366406	-
16PB1441	7	145820899	-	7	77684545	-
16PB1441	7	145911278	-	1	111906010	+
16PB1441	7	145911321	+	1	116710104	-
16PB1441	7	151311259	+	1	116700632	+
16PB1441	7	151319872	-	10	133813003	+
16PB1441	10	7791027	+	7	98689274	-
16PB1441	10	13178660	+	7	35542307	+
16PB1441	10	13187328	-	7	77681879	-
16PB1441	10	13188036	+	7	97655591	+
16PB1441	10	58752041	+	10	122195659	-
16PB1441	10	110374045	+	10	121315943	+
16PB1441	10	121315941	+	10	110374047	+
16PB1441	10	133807035	+	7	77622101	-
16PB1441	10	133809140	-	17	7721014	+
16PB1441	10	133813003	+	7	151319872	-
16PB1441	12	11902882	+	5	68712646	+
16PB1441	12	11910922	-	1	58970083	-
16PB1441	12	11926604	+	7	81260271	+
16PB1441	12	12188201	-	5	68712494	-
16PB1441	12	12189274	+	7	5167634	+
16PB1441	12	12189520	-	1	111931213	-
16PB1441	12	12189545	+	17	7711861	+
16PB1441	12	12193972	-	7	108318718	-
16PB1441	12	12194096	+	7	1104917	+
16PB1441	12	12194301	-	1	111925995	-
16PB1441	12	12469998	+	17	7063831	-
16PB1441	12	121185699	+	12	121844687	+
16PB1441	12	121185796	-	12	121843837	-
16PB1441	12	121843828	-	12	121185805	-
16PB1441	12	121844687	+	12	121185699	+
16PB1441	13	44356656	+	17	7708459	-
16PB1441	13	44358072	-	1	111924326	+
16PB1441	13	44360611	+	5	68649178	+
16PB1441	13	44361252	-	7	77620686	+
16PB1441	13	44361617	+	5	177065924	-
16PB1441	13	44366406	-	7	108338134	-
16PB1441	17	1280059	-	7	77678599	+
16PB1441	17	1280291	+	5	177066588	+
16PB1441	17	1280648	-	17	7708277	+
16PB1441	17	1286589	+	7	81407195	+
16PB1441	17	1288242	-	1	71251266	+
16PB1441	17	4962984	+	7	5177361	-
16PB1441	17	7063831	-	12	12469998	+
16PB1441	17	7063928	+	17	7720582	-
16PB1441	17	7067310	-	1	62523828	+
16PB1441	17	7067338	+	7	35848324	-
16PB1441	17	7708459	-	13	44356656	+
16PB1441	17	7711861	+	12	12189545	+
16PB1441	17	7712233	-	7	5167627	-
16PB1441	17	7721014	+	10	133809140	-
16PB1441	17	7723879	+	1	62522343	+
16PB1441	21	18725382	+	21	47554921	-
16PB1441	21	18815099	+	21	26689639	+
16PB1441	21	26689639	+	21	18815099	+
16PB1441	21	27355238	-	21	36393199	-
16PB1441	21	27413478	+	21	28611408	+
16PB1441	21	27419142	+	21	33405289	+
16PB1441	21	27424127	-	21	28420892	+
16PB1441	21	28238481	+	21	36360560	-
16PB1441	21	28611408	+	21	27413478	+
16PB1441	21	29049571	-	21	32208205	-
16PB1441	21	29059211	-	21	36072355	+
16PB1441	21	30340087	+	21	36394910	+
16PB1441	21	32208205	-	21	29049571	-
16PB1441	21	33405287	+	21	27419144	+
16PB1441	21	36393197	-	21	27355240	-
16PB1441	21	36394910	+	21	30340087	+
16PB15826	1	29352463	+	1	29540868	+
16PB15826	1	29540865	+	1	29352466	+
16PB15826	2	29872006	-	18	24975347	-
16PB15826	3	71636030	-	20	33476134	-
16PB15826	3	73910236	+	17	8389349	+
16PB15826	5	107465703	-	5	158288804	-
16PB15826	5	158288803	-	5	107465704	-
16PB15826	6	125088741	+	X	129418744	-
16PB15826	7	94345773	-	17	70039682	+
16PB15826	9	11965500	-	9	12014200	+
16PB15826	11	55372880	+	18	76829273	+
16PB15826	16	57753633	+	20	50732941	-
16PB15826	16	57910905	+	17	71969398	-
16PB15826	16	64075363	-	16	64115775	+
16PB15826	16	74591914	+	17	8089040	+
16PB15826	16	75714993	+	17	7128936	-
16PB15826	16	75871141	+	17	8304623	-
16PB15826	16	75877905	-	17	8111239	+
16PB15826	17	7128936	-	16	75714993	+
16PB15826	17	8089038	+	16	74591916	+
16PB15826	17	8111239	+	16	75877905	-
16PB15826	17	8111733	+	20	49882155	+
16PB15826	17	8304623	-	16	75871141	+
16PB15826	17	8304638	+	20	33427451	+
16PB15826	17	8389253	-	20	50732955	+
16PB15826	17	8389349	+	3	73910236	+
16PB15826	17	70039682	+	7	94345773	-
16PB15826	17	71969398	-	16	57910905	+
16PB15826	17	73884308	+	20	33453993	+
16PB15826	18	24975347	-	2	29872006	-
16PB15826	18	76829272	+	11	55372881	+
16PB15826	20	33427451	+	17	8304638	+
16PB15826	20	33453993	+	17	73884308	+
16PB15826	20	33476134	-	3	71636030	-
16PB15826	20	49882152	+	17	8111736	+
16PB15826	20	50732941	-	16	57753633	+
16PB15826	20	50732955	+	17	8389253	-
16PB15826	X	129418744	-	6	125088741	+
16PB2067	1	105969095	+	1	106075807	-
16PB2067	5	88046885	-	5	158696265	+
16PB2067	9	106902174	+	15	57555730	-
16PB2067	9	106902241	-	15	57555718	+
16PB2067	11	47425889	+	12	123563297	+
16PB2067	12	123563295	+	11	47425891	+
16PB2067	15	57555718	+	9	106902241	-
16PB2067	15	57555730	-	9	106902174	+
16PB2829	5	107967547	-	5	108289645	+
16PB2829	5	108312527	-	5	153803535	-
16PB2829	5	153797415	+	5	154471038	+
16PB2829	5	153803534	-	5	108312528	-
16PB2829	5	154471038	+	5	153797415	+
16PB2829	7	64266145	-	7	64323654	+
16PB2829	10	32434796	-	10	32509574	+
16PB2829	12	8104822	-	20	40092192	-
16PB2829	12	8104916	+	17	57865212	+
16PB2829	12	8207656	-	20	49624152	+
16PB2829	12	8208531	+	12	13303619	-
16PB2829	12	8266378	-	20	48722520	-
16PB2829	12	8267209	+	20	48736893	+
16PB2829	12	8275676	-	12	38727510	+
16PB2829	12	8275708	-	17	64272520	+
16PB2829	12	8287746	+	20	44852251	-
16PB2829	12	8288681	-	12	13304112	+
16PB2829	12	13008301	+	17	57793652	-
16PB2829	12	13303012	+	12	16620624	-
16PB2829	12	13327816	-	20	48949671	-
16PB2829	12	13328456	+	12	13996163	+
16PB2829	12	13350963	-	12	13997875	-
16PB2829	12	13652577	+	17	64254526	+
16PB2829	12	13653224	+	17	64313282	+
16PB2829	12	13666831	-	20	40521694	-
16PB2829	12	13667117	+	17	64287862	+
16PB2829	12	13996162	+	12	13328457	+
16PB2829	12	13997875	-	12	13350963	-
16PB2829	12	14016553	-	20	40172936	-
16PB2829	12	14017010	-	20	49573567	-
16PB2829	12	14075324	-	20	48889292	+
16PB2829	12	16597452	-	17	57685445	+
16PB2829	12	16620491	+	12	39556343	+
16PB2829	12	16670739	-	20	49551585	+
16PB2829	12	16671134	-	17	61745437	-
16PB2829	12	16727139	-	20	40092276	+
16PB2829	12	16727918	+	20	48584997	-
16PB2829	12	38720700	+	17	57743211	+
16PB2829	12	38727600	-	17	57815309	+
16PB2829	12	38875247	-	17	56528593	-
16PB2829	12	39462492	+	20	49619959	+
16PB2829	12	39544194	-	17	64312558	-
16PB2829	12	39544466	+	20	40522231	-
16PB2829	12	39556339	+	12	16620495	+
16PB2829	12	39556514	-	12	44359895	-
16PB2829	12	39575875	-	17	57865153	-
16PB2829	12	44338805	-	20	49573657	+
16PB2829	12	44338904	-	20	44892681	+
16PB2829	12	44359889	-	12	39556520	-
16PB2829	12	44360603	+	17	64254248	-
16PB2829	12	44392139	-	20	49608041	+
16PB2829	14	102935327	+	14	103061768	-
16PB2829	17	56528593	-	12	38875247	-
16PB2829	17	56528732	+	17	61658413	+
16PB2829	17	56551038	-	20	49550999	-
16PB2829	17	57685445	+	12	16597452	-
16PB2829	17	57743167	+	17	61658632	-
16PB2829	17	57743208	+	12	38720703	+
16PB2829	17	57762937	-	20	41570063	+
16PB2829	17	57793427	+	20	40142897	-
16PB2829	17	57793652	-	12	13008301	+
16PB2829	17	57796984	+	17	61670905	-
16PB2829	17	57814925	-	20	49622960	-
16PB2829	17	57815309	+	12	38727600	-
16PB2829	17	57839864	+	17	61623444	+
16PB2829	17	57840316	-	20	48560124	-
16PB2829	17	57865151	-	12	39575877	-
16PB2829	17	57865209	+	12	8104919	+
16PB2829	17	61623438	+	17	57839870	+
16PB2829	17	61658412	+	17	56528733	+
16PB2829	17	61670979	+	17	64332406	-
16PB2829	17	61688755	-	20	41660883	-
16PB2829	17	61689359	+	20	48560510	+
16PB2829	17	61740542	-	20	40459094	+
16PB2829	17	61745436	-	12	16671135	-
16PB2829	17	63558422	+	20	48585584	+
16PB2829	17	63981434	-	20	44801712	+
16PB2829	17	64237148	+	20	44865273	+
16PB2829	17	64254248	-	12	44360603	+
16PB2829	17	64254525	+	12	13652578	+
16PB2829	17	64272440	-	20	40149765	+
16PB2829	17	64272520	+	12	8275708	-
16PB2829	17	64287859	+	12	13667120	+
16PB2829	17	64312556	-	12	39544196	-
16PB2829	17	64313281	+	12	13653225	+
16PB2829	20	40092189	-	12	8104825	-
16PB2829	20	40092276	+	12	16727139	-
16PB2829	20	40142583	+	20	40521367	+
16PB2829	20	40142897	-	17	57793427	+
16PB2829	20	40149765	+	17	64272440	-
16PB2829	20	40172934	-	12	14016555	-
16PB2829	20	40459094	+	17	61740542	-
16PB2829	20	40521363	+	20	40142587	+
16PB2829	20	40521692	-	12	13666833	-
16PB2829	20	40522231	-	12	39544466	+
16PB2829	20	41570063	+	17	57762937	-
16PB2829	20	41660883	-	17	61688755	-
16PB2829	20	44801712	+	17	63981434	-
16PB2829	20	44852251	-	12	8287746	+
16PB2829	20	44864676	-	20	49618737	-
16PB2829	20	44865272	+	17	64237149	+
16PB2829	20	44892681	+	12	44338904	-
16PB2829	20	44892974	-	20	49608027	-
16PB2829	20	48560123	-	17	57840317	-
16PB2829	20	48560508	+	17	61689361	+
16PB2829	20	48584997	-	12	16727918	+
16PB2829	20	48585583	+	17	63558423	+
16PB2829	20	48722520	-	12	8266378	-
16PB2829	20	48736892	+	12	8267210	+
16PB2829	20	48889292	+	12	14075324	-
16PB2829	20	48949670	-	12	13327817	-
16PB2829	20	49550998	-	17	56551039	-
16PB2829	20	49551585	+	12	16670739	-
16PB2829	20	49573563	-	12	14017014	-
16PB2829	20	49573657	+	12	44338805	-
16PB2829	20	49608024	-	20	44892977	-
16PB2829	20	49608041	+	12	44392139	-
16PB2829	20	49618737	-	20	44864676	-
16PB2829	20	49619959	+	12	39462492	+
16PB2829	20	49622957	-	17	57814928	-
16PB2829	20	49624152	+	12	8207656	-
16PB3075	1	70516299	-	3	125195605	-
16PB3075	1	204479709	-	3	183169354	+
16PB3075	2	54346974	-	2	54427928	+
16PB3075	3	125195603	-	1	70516301	-
16PB3075	3	128334834	+	3	129220350	+
16PB3075	3	129220346	+	3	128334838	+
16PB3075	3	183169354	+	1	204479709	-
16PB3075	4	59478764	+	12	41781909	-
16PB3075	4	71036034	+	21	17482980	-
16PB3075	4	71036164	-	21	16049982	+
16PB3075	4	147340895	-	12	39278231	+
16PB3075	5	52223182	-	5	162883915	+
16PB3075	7	384891	+	17	55363066	+
16PB3075	7	646968	-	7	2408734	-
16PB3075	7	2355723	+	7	6348392	+
16PB3075	7	2408627	+	17	7684062	-
16PB3075	7	2408731	-	7	646971	-
16PB3075	7	2415906	+	7	5539385	+
16PB3075	7	2421989	+	17	6749941	-
16PB3075	7	5534149	-	17	7582697	+
16PB3075	7	5539385	+	7	2415906	+
16PB3075	7	6348391	+	7	2355724	+
16PB3075	7	126130991	-	11	26560222	-
16PB3075	9	15657086	-	9	15864611	+
16PB3075	11	26560222	-	7	126130991	-
16PB3075	11	34075598	+	17	13666712	+
16PB3075	11	34120164	-	17	17306326	+
16PB3075	11	44230415	+	17	7045793	-
16PB3075	11	44314908	-	17	31257646	-
16PB3075	11	44616443	+	17	33310541	+
16PB3075	11	47791911	-	11	50614462	-
16PB3075	11	48895365	+	17	7706108	+
16PB3075	11	50606396	+	17	13278976	-
16PB3075	11	50614462	-	11	47791911	-
16PB3075	11	50614505	+	17	14833907	-
16PB3075	12	5851954	+	12	20760466	-
16PB3075	12	5852205	-	18	5065990	-
16PB3075	12	10666369	-	12	41273792	-
16PB3075	12	10678581	+	12	20760239	+
16PB3075	12	10855108	-	12	18967144	+
16PB3075	12	19036539	-	12	20759560	+
16PB3075	12	19481654	-	12	19722325	+
16PB3075	12	20760239	+	12	10678581	+
16PB3075	12	39278231	+	4	147340895	-
16PB3075	12	41269783	-	18	5065999	+
16PB3075	12	41273790	-	12	10666371	-
16PB3075	12	41781909	-	4	59478764	+
16PB3075	16	79393167	-	16	79830870	+
16PB3075	17	6749219	-	17	7587782	+
16PB3075	17	6749941	-	7	2421989	+
16PB3075	17	6757997	-	17	55346037	-
16PB3075	17	6758007	+	17	55363050	-
16PB3075	17	7045793	-	11	44230415	+
16PB3075	17	7582697	+	7	5534149	-
16PB3075	17	7587706	-	17	55345888	+
16PB3075	17	7684062	-	7	2408627	+
16PB3075	17	7706107	+	11	48895366	+
16PB3075	17	13278976	-	11	50606396	+
16PB3075	17	13666711	+	11	34075599	+
16PB3075	17	14833907	-	11	50614505	+
16PB3075	17	17306326	+	11	34120164	-
16PB3075	17	31257646	-	11	44314908	-
16PB3075	17	33310538	+	11	44616446	+
16PB3075	17	55346035	-	17	6757999	-
16PB3075	17	55363065	+	7	384892	+
16PB3075	18	5065990	-	12	5852205	-
16PB3075	18	5065999	+	12	41269783	-
16PB3075	18	72362322	-	21	16069320	-
16PB3075	21	16049982	+	4	71036164	-
16PB3075	21	16069320	-	18	72362322	-
16PB3075	21	16393873	-	21	17483227	+
16PB3075	21	17482980	-	4	71036034	+
16PB3075	X	134778702	+	X	134910649	-
16PB3147	5	83267453	-	5	156959557	+
16PB3147	7	122609772	+	13	41928097	-
16PB3147	7	122615924	-	15	32416648	-
16PB3147	7	122621052	+	13	41937896	-
16PB3147	7	122861065	-	12	100569414	+
16PB3147	7	141794854	+	12	34724280	+
16PB3147	7	142885018	-	7	153543605	+
16PB3147	7	150481972	+	13	83803712	+
16PB3147	7	153557973	-	11	33165606	+
16PB3147	10	39107273	+	10	39154240	-
16PB3147	11	33165606	+	7	153557973	-
16PB3147	12	10205064	-	13	67369358	+
16PB3147	12	23940063	+	21	30239186	-
16PB3147	12	34724279	+	7	141794855	+
16PB3147	12	74732700	-	13	67392724	+
16PB3147	12	100569414	+	7	122861065	-
16PB3147	13	31746573	-	15	101819964	-
16PB3147	13	41928097	-	7	122609772	+
16PB3147	13	41934168	+	21	33000169	+
16PB3147	13	41937896	-	7	122621052	+
16PB3147	13	41950015	+	15	32430818	+
16PB3147	13	67369358	+	12	10205064	-
16PB3147	13	67392724	+	12	74732700	-
16PB3147	13	83803712	+	7	150481972	+
16PB3147	15	32416647	-	7	122615925	-
16PB3147	15	32416853	+	21	30225883	+
16PB3147	15	32430350	-	15	41578261	+
16PB3147	15	32430818	+	13	41950015	+
16PB3147	15	101819964	-	13	31746573	-
16PB3147	18	69392346	-	18	69589165	+
16PB3147	21	30225883	+	15	32416853	+
16PB3147	21	30239186	-	12	23940063	+
16PB3147	21	30255633	+	21	33009017	+
16PB3147	21	33000168	+	13	41934169	+
16PB3147	21	33009015	+	21	30255635	+
16PB4200	1	154027482	-	1	155326184	-
16PB4200	1	154218478	+	1	155325916	+
16PB4200	1	155325916	+	1	154218478	+
16PB4200	1	155326182	-	1	154027484	-
16PB4200	3	3103401	-	13	82310646	-
16PB4200	3	14892301	-	20	37752263	+
16PB4200	3	14903306	+	13	87003483	+
16PB4200	3	14962801	-	3	160427567	-
16PB4200	3	28389116	+	13	37744936	-
16PB4200	3	28449557	-	3	160364107	+
16PB4200	3	37074856	+	13	31156045	+
16PB4200	3	37140897	-	13	86993982	+
16PB4200	3	79038568	-	13	31156035	-
16PB4200	3	149837539	+	13	91606428	+
16PB4200	3	150748134	-	13	31203066	-
16PB4200	3	160427567	-	3	14962801	-
16PB4200	3	160427576	+	18	45230738	-
16PB4200	4	57894873	-	4	89140424	-
16PB4200	4	57895370	+	4	89140402	+
16PB4200	4	89140400	+	4	57895372	+
16PB4200	4	89140422	-	4	57894875	-
16PB4200	5	79169606	-	14	25122421	+
16PB4200	5	79170472	+	17	29643292	-
16PB4200	5	118804511	-	5	159502639	+
16PB4200	6	4006271	-	12	75919620	+
16PB4200	6	5615187	+	12	5126667	-
16PB4200	6	20081935	-	14	89385325	-
16PB4200	6	22877401	-	12	93882798	-
16PB4200	6	23504734	-	12	72552279	+
16PB4200	6	23504787	+	12	72525778	-
16PB4200	6	87862865	-	12	72525836	+
16PB4200	6	129057969	-	6	129303187	+
16PB4200	7	12776604	+	7	13194805	-
16PB4200	9	108313295	-	10	133842321	-
16PB4200	9	113594014	+	19	16511292	+
16PB4200	9	134239309	-	19	2264657	+
16PB4200	9	134239360	+	17	29645257	+
16PB4200	10	64651779	+	10	68119392	+
16PB4200	10	68119392	+	10	64651779	+
16PB4200	10	75501448	-	17	1553962	-
16PB4200	10	75515607	+	17	67320365	+
16PB4200	10	77308111	+	17	42248623	-
16PB4200	10	133842318	-	9	108313298	-
16PB4200	11	21571432	-	11	30723386	-
16PB4200	11	28186747	-	11	32937827	+
16PB4200	11	28187207	+	21	38840351	+
16PB4200	11	30723385	-	11	21571433	-
16PB4200	12	5126667	-	6	5615187	+
16PB4200	12	10229099	-	12	75693385	-
16PB4200	12	10229104	+	12	75693353	+
16PB4200	12	12228045	-	12	20351826	+
16PB4200	12	12228080	+	14	30483476	-
16PB4200	12	12234225	-	12	41704254	-
16PB4200	12	41704134	+	14	31909591	-
16PB4200	12	41704250	-	12	12234229	-
16PB4200	12	41706351	-	12	76785939	-
16PB4200	12	72525778	-	6	23504787	+
16PB4200	12	72525836	+	6	87862865	-
16PB4200	12	72552091	+	14	31909001	+
16PB4200	12	72552279	+	6	23504734	-
16PB4200	12	75693353	+	12	10229104	+
16PB4200	12	75693384	-	12	10229100	-
16PB4200	12	75730059	+	12	93839474	-
16PB4200	12	75730157	-	12	93889082	-
16PB4200	12	75908907	-	14	23529549	-
16PB4200	12	75919620	+	6	4006271	-
16PB4200	12	76785939	-	12	41706351	-
16PB4200	12	91829356	-	12	93894179	+
16PB4200	12	93882795	-	6	22877404	-
16PB4200	12	93889082	-	12	75730157	-
16PB4200	13	31156035	-	3	79038568	-
16PB4200	13	31156045	+	3	37074856	+
16PB4200	13	31203066	-	3	150748134	-
16PB4200	13	37720483	+	13	85663820	-
16PB4200	13	37744936	-	3	28389116	+
16PB4200	13	46663469	+	13	91523453	-
16PB4200	13	48574402	-	18	59749807	+
16PB4200	13	50219832	+	20	34561206	-
16PB4200	13	50473970	-	18	41366883	+
16PB4200	13	82310645	-	3	3103402	-
16PB4200	13	82310674	+	18	45144672	+
16PB4200	13	82455890	-	18	45144672	-
16PB4200	13	85656596	+	13	90392756	-
16PB4200	13	85656597	+	13	90392745	+
16PB4200	13	86993982	+	3	37140897	-
16PB4200	13	87003467	-	18	10661998	-
16PB4200	13	87003481	+	3	14903308	+
16PB4200	13	87135961	-	18	39755516	-
16PB4200	13	90392745	+	13	85656597	+
16PB4200	13	91606428	+	3	149837539	+
16PB4200	13	101744864	-	13	105012797	+
16PB4200	14	23529547	-	12	75908909	-
16PB4200	14	25119936	-	21	44397678	+
16PB4200	14	25122421	+	5	79169606	-
16PB4200	14	30483476	-	12	12228080	+
16PB4200	14	31905267	+	14	95132308	+
16PB4200	14	31908999	+	12	72552093	+
16PB4200	14	31909591	-	12	41704134	+
16PB4200	14	89385322	-	6	20081938	-
16PB4200	14	95132306	+	14	31905269	+
16PB4200	16	49501453	-	16	50228064	-
16PB4200	16	50060706	+	16	50729445	+
16PB4200	16	50228064	-	16	49501453	-
16PB4200	16	50729444	+	16	50060707	+
16PB4200	17	1553961	-	10	75501449	-
16PB4200	17	29643292	-	5	79170472	+
16PB4200	17	29645256	+	9	134239361	+
16PB4200	17	33222670	-	17	37554580	+
16PB4200	17	33223185	+	17	67320529	-
16PB4200	17	42248563	+	19	52484080	+
16PB4200	17	42248623	-	10	77308111	+
16PB4200	17	67320365	+	10	75515607	+
16PB4200	18	140046	+	18	13052991	+
16PB4200	18	10661997	-	13	87003468	-
16PB4200	18	13052991	+	18	140046	+
16PB4200	18	39755514	-	13	87135963	-
16PB4200	18	41366883	+	13	50473970	-
16PB4200	18	45144669	-	13	82455893	-
16PB4200	18	45144671	+	13	82310675	+
16PB4200	18	45230738	-	3	160427576	+
16PB4200	18	59749807	+	13	48574402	-
16PB4200	19	2264657	+	9	134239309	-
16PB4200	19	16511288	-	19	54670050	-
16PB4200	19	16511290	+	9	113594016	+
16PB4200	19	33086736	-	21	44397146	-
16PB4200	19	52484078	+	17	42248565	+
16PB4200	19	54670048	-	19	16511290	-
16PB4200	19	54670137	+	21	38835175	-
16PB4200	20	34561206	-	13	50219832	+
16PB4200	20	37752263	+	3	14892301	-
16PB4200	21	38835175	-	19	54670137	+
16PB4200	21	38840349	+	11	28187209	+
16PB4200	21	44397145	-	19	33086737	-
16PB4200	21	44397678	+	14	25119936	-
16PB5058	2	29505387	+	2	231381205	-
16PB5058	2	29548602	-	2	216744274	-
16PB5058	2	29548856	+	18	9162627	-
16PB5058	2	29558250	-	2	67177971	+
16PB5058	2	29558383	+	18	9157306	+
16PB5058	2	29562825	-	2	231377450	+
16PB5058	2	29562973	+	2	216727239	-
16PB5058	2	29567744	+	2	99522277	+
16PB5058	2	66998348	-	2	208226534	+
16PB5058	2	66998350	-	2	208226551	-
16PB5058	2	66998400	+	18	9152185	-
16PB5058	2	67175570	-	18	9103733	+
16PB5058	2	67179140	-	18	9364802	+
16PB5058	2	67221265	-	7	112933266	-
16PB5058	2	99088009	+	2	231325790	+
16PB5058	2	99522273	+	2	29567748	+
16PB5058	2	142327031	+	7	151465292	+
16PB5058	2	208183985	-	7	62486569	+
16PB5058	2	208184250	+	2	216720854	+
16PB5058	2	208221980	+	14	77959532	+
16PB5058	2	208226551	-	2	66998350	-
16PB5058	2	208226630	+	2	231383669	+
16PB5058	2	208232375	-	14	77955392	-
16PB5058	2	208232738	+	2	241426047	-
16PB5058	2	208275125	-	2	231379375	+
16PB5058	2	214803245	+	18	9240573	-
16PB5058	2	216720822	-	18	9359488	-
16PB5058	2	216720854	+	2	208184250	+
16PB5058	2	216727178	-	18	9354107	+
16PB5058	2	216729533	-	7	62489644	-
16PB5058	2	216729593	+	14	77957217	+
16PB5058	2	216744271	-	2	29548605	-
16PB5058	2	216771803	-	2	231375687	-
16PB5058	2	231325790	+	2	99088009	+
16PB5058	2	231342094	-	7	87599677	-
16PB5058	2	231342633	+	18	9154065	-
16PB5058	2	231375687	-	2	216771803	-
16PB5058	2	231377472	-	7	99213045	+
16PB5058	2	231379348	-	18	9142296	+
16PB5058	2	231383669	+	2	208226630	+
16PB5058	5	83117424	-	5	162364998	+
16PB5058	7	62486569	+	2	208183985	-
16PB5058	7	62489642	-	2	216729535	-
16PB5058	7	86148155	+	14	69889666	-
16PB5058	7	87599676	-	2	231342095	-
16PB5058	7	99212657	-	18	9115287	+
16PB5058	7	99213045	+	2	231377472	-
16PB5058	7	100416511	+	18	9115124	-
16PB5058	7	105269912	+	18	9163226	+
16PB5058	7	112933266	-	2	67221265	-
16PB5058	7	138811291	+	12	12468560	+
16PB5058	7	138812330	-	12	96137726	+
16PB5058	7	151465290	+	2	142327033	+
16PB5058	11	85429831	-	11	85472203	+
16PB5058	12	11774042	-	12	28710026	+
16PB5058	12	12451153	-	12	24929992	-
16PB5058	12	12468560	+	7	138811291	+
16PB5058	12	12468615	-	12	91630527	+
16PB5058	12	12485364	-	12	12529626	-
16PB5058	12	12529626	-	12	12485364	-
16PB5058	12	12547338	-	12	18566683	+
16PB5058	12	15609591	-	12	23158094	+
16PB5058	12	24929991	-	12	12451154	-
16PB5058	12	27523904	-	12	93577176	-
16PB5058	12	93577175	-	12	27523905	-
16PB5058	12	96137726	+	7	138812330	-
16PB5058	13	32858248	-	18	23087813	-
16PB5058	13	35403214	+	18	23317982	-
16PB5058	13	35403618	-	18	5270471	+
16PB5058	13	39111933	-	18	23087905	+
16PB5058	14	69889666	-	7	86148155	+
16PB5058	14	77918571	+	18	9142410	-
16PB5058	14	77954704	+	18	9364740	-
16PB5058	14	77955392	-	2	208232375	-
16PB5058	14	77957215	+	2	216729595	+
16PB5058	14	77959528	+	2	208221984	+
16PB5058	18	5270471	+	13	35403618	-
16PB5058	18	9103733	+	2	67175570	-
16PB5058	18	9115124	-	7	100416511	+
16PB5058	18	9115287	+	7	99212657	-
16PB5058	18	9142296	+	2	231379348	-
16PB5058	18	9142410	-	14	77918571	+
16PB5058	18	9152185	-	2	66998400	+
16PB5058	18	9154065	-	2	231342633	+
16PB5058	18	9157306	+	2	29558383	+
16PB5058	18	9162627	-	2	29548856	+
16PB5058	18	9163224	+	7	105269914	+
16PB5058	18	9240573	-	2	214803245	+
16PB5058	18	9354107	+	2	216727178	-
16PB5058	18	9359485	-	2	216720825	-
16PB5058	18	9364740	-	14	77954704	+
16PB5058	18	9364802	+	2	67179140	-
16PB5058	18	23087813	-	13	32858248	-
16PB5058	18	23087905	+	13	39111933	-
16PB5058	18	23317982	-	13	35403214	+
16PB5693	2	13919864	+	5	73245036	+
16PB5693	2	15090625	-	21	39066451	+
16PB5693	2	15544969	+	2	39148950	+
16PB5693	2	16755073	-	2	42097543	+
16PB5693	2	16755375	+	2	22306806	-
16PB5693	2	19023149	+	2	22012655	-
16PB5693	2	19278112	-	2	19451968	+
16PB5693	2	19400988	+	2	20655076	+
16PB5693	2	19653701	-	2	20655064	+
16PB5693	2	20113129	-	2	39842543	+
16PB5693	2	20113182	+	2	23525391	+
16PB5693	2	20529911	+	21	38938387	+
16PB5693	2	20562714	-	2	21724627	-
16PB5693	2	20563472	+	2	43286606	-
16PB5693	2	20655074	+	2	19400990	+
16PB5693	2	20655173	+	2	21925219	+
16PB5693	2	20943696	+	2	40385115	+
16PB5693	2	21220000	-	2	22330532	-
16PB5693	2	21386857	+	13	74238200	-
16PB5693	2	21724624	-	2	20562717	-
16PB5693	2	21730426	+	13	78317364	-
16PB5693	2	21925218	+	2	20655174	+
16PB5693	2	21926814	+	2	43311244	-
16PB5693	2	22306540	+	13	77336529	-
16PB5693	2	22330530	-	2	21220002	-
16PB5693	2	23525365	-	2	40806984	-
16PB5693	2	23525389	+	2	20113184	+
16PB5693	2	23555445	-	13	78340497	-
16PB5693	2	24503372	+	2	96880075	+
16PB5693	2	24553566	-	2	58733882	-
16PB5693	2	28170126	-	2	35063303	+
16PB5693	2	39148948	+	2	15544971	+
16PB5693	2	40385115	+	2	20943696	+
16PB5693	2	40785991	+	5	73506193	-
16PB5693	2	40806982	-	2	23525367	-
16PB5693	2	41679641	-	21	39687836	+
16PB5693	2	41907659	-	13	77497500	+
16PB5693	2	43559787	-	13	73548929	+
16PB5693	2	43560042	+	13	74651295	+
16PB5693	2	43598817	-	21	39203281	-
16PB5693	2	43630385	-	21	38578742	+
16PB5693	2	47662311	+	5	71217599	+
16PB5693	2	48538112	-	2	58742930	+
16PB5693	2	48549745	-	2	58732346	+
16PB5693	2	48910439	-	2	55401120	-
16PB5693	2	48910763	+	5	61373398	+
16PB5693	2	49154098	-	5	58823931	+
16PB5693	2	55401120	-	2	48910439	-
16PB5693	2	55468103	+	5	56128865	+
16PB5693	2	55571483	-	5	58590212	+
16PB5693	2	58733878	-	2	24553570	-
16PB5693	2	58733881	-	2	96938163	-
16PB5693	2	58741006	+	2	96938019	+
16PB5693	2	58741203	-	2	96938013	+
16PB5693	2	59566799	+	2	61916203	-
16PB5693	2	63210314	-	5	59807930	+
16PB5693	2	96880072	+	2	24503375	+
16PB5693	2	96889997	-	2	96940519	+
16PB5693	2	96938018	+	2	58741007	+
16PB5693	2	96938163	-	2	58733881	-
16PB5693	4	18378090	+	20	18571007	+
16PB5693	4	18378547	-	20	25201828	-
16PB5693	4	18378554	+	4	52878997	-
16PB5693	4	18526217	-	13	23666557	+
16PB5693	4	18637448	+	20	15843567	-
16PB5693	4	18672802	+	13	22918769	+
16PB5693	4	27042286	+	20	13042458	-
16PB5693	4	52708602	-	13	20319845	+
16PB5693	4	52708611	+	20	7231109	+
16PB5693	4	52708871	-	5	140896128	+
16PB5693	4	52861410	+	5	140896325	-
16PB5693	4	52862190	-	7	26725505	+
16PB5693	4	52868354	-	5	84422555	-
16PB5693	4	52868354	+	20	8142908	-
16PB5693	4	52878997	+	21	33695219	-
16PB5693	4	53949616	+	4	55446145	-
16PB5693	4	55025764	-	4	55649511	+
16PB5693	4	55440199	+	4	57330365	+
16PB5693	4	55440415	-	4	55645999	-
16PB5693	4	55445192	+	4	55637198	-
16PB5693	4	55645998	-	4	55440416	-
16PB5693	4	55694925	-	4	59307548	-
16PB5693	4	57330365	+	4	55440199	+
16PB5693	4	58007359	+	5	38776747	-
16PB5693	4	59307547	-	4	55694926	-
16PB5693	4	64657135	+	5	84685297	-
16PB5693	4	64657974	-	5	122964556	+
16PB5693	4	65353841	+	7	29689127	+
16PB5693	5	38776747	-	4	58007359	+
16PB5693	5	45052402	+	7	27199979	-
16PB5693	5	45961662	-	5	85404480	-
16PB5693	5	45995514	+	5	122762672	-
16PB5693	5	46065026	+	5	122762539	+
16PB5693	5	51538858	+	13	84202574	-
16PB5693	5	56128865	+	2	55468103	+
16PB5693	5	56286232	-	5	61373545	-
16PB5693	5	58590212	+	2	55571483	-
16PB5693	5	58823931	+	2	49154098	-
16PB5693	5	58904245	-	5	61068724	-
16PB5693	5	59807930	+	2	63210314	-
16PB5693	5	60184749	-	5	60667509	+
16PB5693	5	61068724	-	5	58904245	-
16PB5693	5	61373397	+	2	48910764	+
16PB5693	5	61373544	-	5	56286233	-
16PB5693	5	62290243	-	13	20994432	-
16PB5693	5	71217597	+	2	47662313	+
16PB5693	5	73245036	+	2	13919864	+
16PB5693	5	73506193	-	2	40785991	+
16PB5693	5	84419870	+	5	130459809	-
16PB5693	5	84422555	-	4	52868354	-
16PB5693	5	84685297	-	4	64657135	+
16PB5693	5	85404478	-	5	45961664	-
16PB5693	5	85404509	+	20	6285681	+
16PB5693	5	85412265	-	20	18617825	+
16PB5693	5	122762539	+	5	46065026	+
16PB5693	5	122765256	+	5	125949696	+
16PB5693	5	122964556	+	4	64657974	-
16PB5693	5	125949695	+	5	122765257	+
16PB5693	5	128139617	-	5	154430046	+
16PB5693	5	128569450	+	13	90363372	-
16PB5693	5	134759320	+	20	12995662	+
16PB5693	5	137092756	-	20	6261322	-
16PB5693	5	140577372	-	20	25252604	+
16PB5693	5	140622755	+	20	6463960	-
16PB5693	5	140893267	-	7	29689126	-
16PB5693	5	140896128	+	4	52708871	-
16PB5693	5	140896325	-	4	52861410	+
16PB5693	7	23427502	-	7	26266405	+
16PB5693	7	23428062	-	20	16160081	+
16PB5693	7	26718336	-	20	18606015	-
16PB5693	7	26725505	+	4	52862190	-
16PB5693	7	27199979	-	5	45052402	+
16PB5693	7	29689126	-	5	140893267	-
16PB5693	7	29689126	+	4	65353842	+
16PB5693	13	19448550	-	13	84026206	+
16PB5693	13	20319845	+	4	52708602	-
16PB5693	13	20604124	-	20	17413131	-
16PB5693	13	20994432	-	5	62290243	-
16PB5693	13	22918767	+	4	18672804	+
16PB5693	13	22919271	-	20	8142606	+
16PB5693	13	23666557	+	4	18526217	-
16PB5693	13	33744550	+	20	8180070	-
16PB5693	13	33768870	-	20	12915526	-
16PB5693	13	57111365	+	20	25255812	-
16PB5693	13	73312278	+	21	33705707	+
16PB5693	13	73497293	+	13	74649615	-
16PB5693	13	73543662	-	13	74665457	-
16PB5693	13	73548929	+	2	43559787	-
16PB5693	13	74238200	-	2	21386857	+
16PB5693	13	74651295	+	2	43560042	+
16PB5693	13	74665455	-	13	73543664	-
16PB5693	13	74903753	+	21	45763042	+
16PB5693	13	77336529	-	2	22306540	+
16PB5693	13	77497500	+	2	41907659	-
16PB5693	13	78317364	-	2	21730426	+
16PB5693	13	78340497	-	2	23555445	-
16PB5693	13	84202574	-	5	51538858	+
16PB5693	13	90363372	-	5	128569450	+
16PB5693	20	6261320	-	5	137092758	-
16PB5693	20	6285680	+	5	85404510	+
16PB5693	20	6462698	-	20	8142957	+
16PB5693	20	6463960	-	5	140622755	+
16PB5693	20	7231107	+	4	52708613	+
16PB5693	20	8142606	+	13	22919271	-
16PB5693	20	8142908	-	4	52868354	+
16PB5693	20	8180070	-	13	33744550	+
16PB5693	20	8742136	-	20	18394079	-
16PB5693	20	12915526	-	13	33768870	-
16PB5693	20	12995658	+	5	134759324	+
16PB5693	20	13042458	-	4	27042286	+
16PB5693	20	15843567	-	4	18637448	+
16PB5693	20	16160081	+	7	23428062	-
16PB5693	20	17413131	-	13	20604124	-
16PB5693	20	18393729	+	20	18566018	-
16PB5693	20	18394079	-	20	8742136	-
16PB5693	20	18395052	+	21	33662735	+
16PB5693	20	18571007	+	4	18378090	+
16PB5693	20	18606015	-	7	26718336	-
16PB5693	20	18617825	+	5	85412265	-
16PB5693	20	25201826	-	4	18378549	-
16PB5693	20	25252604	+	5	140577372	-
16PB5693	20	25255812	-	13	57111365	+
16PB5693	21	33662734	+	20	18395053	+
16PB5693	21	33695219	-	4	52878997	+
16PB5693	21	33705707	+	13	73312278	+
16PB5693	21	38570906	+	21	46993731	+
16PB5693	21	38578742	+	2	43630385	-
16PB5693	21	38938386	+	2	20529912	+
16PB5693	21	39066451	+	2	15090625	-
16PB5693	21	39203279	-	2	43598819	-
16PB5693	21	39687836	+	2	41679641	-
16PB5693	21	40173279	-	21	47888464	-
16PB5693	21	45763039	+	13	74903756	+
16PB5693	21	46993726	+	21	38570911	+
16PB5693	21	47888464	-	21	40173279	-
16PB8681	3	60217304	-	3	60395720	+
16PB8681	3	71070955	+	3	71299111	-
16PB8681	3	165777110	+	3	166348459	-
16PB8681	3	165823274	-	3	166380059	-
16PB8681	3	166054218	+	3	166324425	+
16PB8681	3	166324425	+	3	166054218	+
16PB8681	3	166380059	-	3	165823274	-
16PB8681	4	178761114	+	4	178807420	-
16PB8681	5	98292622	+	5	103622097	-
16PB8681	7	89549824	-	7	89711454	+
16PB8681	7	147334306	-	7	147780079	-
16PB8681	7	147455849	+	8	102329899	+
16PB8681	7	147780077	-	7	147334308	-
16PB8681	8	102329899	+	7	147455849	+
16PB8681	12	121760464	+	12	122823377	-
16PB8681	X	1549252	+	X	1728000	+
16PB8681	X	1577190	-	X	2259292	-
16PB8681	X	1727997	+	X	1549255	+
16PB8681	X	2259288	-	X	1577194	-
16PB8681	X	111586043	-	X	111757833	+
16PB8705	1	153613385	+	1	153731479	-
16PB8705	2	232223998	+	17	5185325	-
16PB8705	2	232234144	-	3	16365126	+
16PB8705	3	16365101	-	3	54182377	+
16PB8705	3	16365126	+	2	232234144	-
16PB8705	3	16531324	-	3	21498841	+
16PB8705	3	16868058	+	5	151412997	+
16PB8705	3	16916857	+	5	174911235	+
16PB8705	3	17063106	-	5	65045205	+
16PB8705	3	21498823	-	5	114068948	+
16PB8705	3	21726009	-	3	151040537	+
16PB8705	3	21739771	+	3	79702072	+
16PB8705	3	54182554	+	11	13964303	-
16PB8705	3	54199627	-	3	79702386	-
16PB8705	3	57312019	+	5	154455893	-
16PB8705	3	65445845	-	17	5199037	-
16PB8705	3	79702070	+	3	21739773	+
16PB8705	3	79702386	-	3	54199627	-
16PB8705	3	151147629	-	17	63043853	+
16PB8705	3	160422805	+	5	114076255	-
16PB8705	5	44973223	-	17	56362314	-
16PB8705	5	65045205	+	3	17063106	-
16PB8705	5	108246467	+	17	56083191	+
16PB8705	5	108246574	-	11	14072141	-
16PB8705	5	114068912	-	17	29744585	+
16PB8705	5	114068948	+	3	21498823	-
16PB8705	5	114076255	-	3	160422805	+
16PB8705	5	151412997	+	3	16868058	+
16PB8705	5	154455893	-	3	57312019	+
16PB8705	5	174911234	+	3	16916858	+
16PB8705	6	18954503	-	6	19034268	+
16PB8705	11	13964303	-	3	54182554	+
16PB8705	11	13978415	-	11	59318125	+
16PB8705	11	14072139	-	5	108246576	-
16PB8705	11	55502859	-	17	44115310	-
16PB8705	17	5175660	+	17	56082674	-
16PB8705	17	5185325	-	2	232223998	+
16PB8705	17	5199037	-	3	65445845	-
16PB8705	17	29744585	+	5	114068912	-
16PB8705	17	44115309	-	11	55502860	-
16PB8705	17	56083191	+	5	108246467	+
16PB8705	17	56362314	-	5	44973223	-
16PB8705	17	63043853	+	3	151147629	-
16PB8733	13	48694458	-	13	52308888	+
16PB8733	17	42372242	-	17	44259440	+
16PB8733	20	48702677	-	20	49511461	+
16PB9113	1	192088214	+	7	122584308	-
16PB9113	4	67462387	-	4	67517087	+
16PB9113	7	122584308	-	1	192088214	+
16PB9113	10	97200678	-	10	108905519	+
16PB9113	21	36176308	-	21	39131354	+
