sample	chr	start	end	cn
15KM12995	1	201970000	249250621	1
15KM12995	3	0	145480000	1
15KM12995	3	157810000	158070000	1
15KM12995	3	158140000	198022430	1
15KM12995	4	46190000	48220000	1
15KM12995	5	8610000	12070000	1
15KM12995	5	12560000	15510000	1
15KM12995	5	22810000	29280000	1
15KM12995	5	98690000	101880000	1
15KM12995	5	101920000	180915260	1
15KM12995	6	26150000	26270000	1
15KM12995	6	95560000	95630000	1
15KM12995	7	0	111200000	1
15KM12995	7	111200000	111310000	0
15KM12995	7	111310000	159138663	1
15KM12995	9	118050000	119870000	1
15KM12995	10	135250000	135400000	3
15KM12995	10	135430000	135534747	3
15KM12995	11	6460000	9010000	1
15KM12995	11	73880000	74830000	1
15KM12995	11	82660000	135006516	3
15KM12995	12	9740000	34840000	1
15KM12995	12	39750000	40960000	1
15KM12995	12	74210000	96430000	1
15KM12995	14	38180000	39080000	1
15KM12995	15	0	23090000	1
15KM12995	15	29100000	31590000	1
15KM12995	15	32930000	37540000	1
15KM12995	15	37640000	37710000	1
15KM12995	15	37860000	42640000	1
15KM12995	15	42670000	43330000	1
15KM12995	15	44650000	54180000	1
15KM12995	15	87210000	89990000	1
15KM12995	16	0	90354753	1
15KM12995	17	7440000	8670000	1
15KM12995	17	21700000	22240000	3
15KM12995	17	25740000	30510000	1
15KM12995	18	0	78077248	1
15KM12995	22	20120000	20290000	3
15KM15252	1	8610000	8780000	1
15KM15252	2	194290000	194430000	1
15KM15252	3	0	72910000	1
15KM15252	3	72910000	73010000	3
15KM15252	3	73010000	73190000	9
15KM15252	3	73190000	82010000	8
15KM15252	3	82010000	85920000	9
15KM15252	3	85920000	87910000	10
15KM15252	3	87910000	89440000	9
15KM15252	3	89440000	93510000	10
15KM15252	3	93510000	93910000	1
15KM15252	3	93910000	94350000	3
15KM15252	3	94350000	94410000	1
15KM15252	3	94430000	94870000	3
15KM15252	3	94870000	95730000	1
15KM15252	3	95730000	95830000	10
15KM15252	3	95830000	96050000	1
15KM15252	3	96050000	96120000	3
15KM15252	3	96150000	96600000	1
15KM15252	3	96600000	96710000	3
15KM15252	3	96760000	96890000	3
15KM15252	3	96890000	96970000	1
15KM15252	3	96990000	97090000	9
15KM15252	3	97090000	97150000	1
15KM15252	3	97150000	97210000	3
15KM15252	3	97210000	97310000	1
15KM15252	3	97310000	97540000	3
15KM15252	3	97540000	155590000	1
15KM15252	3	155590000	155940000	3
15KM15252	3	155940000	156250000	1
15KM15252	3	156280000	165570000	1
15KM15252	3	165570000	172580000	3
15KM15252	3	172580000	176240000	1
15KM15252	3	176240000	176620000	9
15KM15252	3	176620000	178590000	1
15KM15252	3	178590000	178650000	9
15KM15252	3	178650000	179870000	1
15KM15252	3	179870000	190260000	3
15KM15252	3	190260000	191630000	1
15KM15252	3	191630000	191860000	3
15KM15252	3	191860000	195240000	1
15KM15252	3	195240000	198022430	3
15KM15252	5	88000000	163440000	1
15KM15252	7	113500000	115860000	1
15KM15252	7	116480000	117030000	1
15KM15252	7	144080000	149000000	1
15KM15252	8	0	22960000	1
15KM15252	8	22990000	23560000	1
15KM15252	8	23560000	47510000	3
15KM15252	8	47540000	146364022	3
15KM15252	12	11580000	24070000	1
15KM15252	12	44230000	45680000	1
15KM15252	12	45980000	46240000	1
15KM15252	X	91430000	91530000	1
15KM15533	8	0	146364022	3
15KM15533	9	0	141213431	3
15KM15533	10	0	135534747	3
15KM15533	11	0	135006516	3
15KM15533	12	0	11060000	3
15KM15533	12	11060000	21110000	1
15KM15533	12	21110000	133851895	3
15KM15533	14	0	42980000	3
15KM15533	14	43000000	85290000	3
15KM15533	14	85310000	107349540	3
15KM18301	3	0	47340000	1
15KM18301	3	47390000	57090000	1
15KM18301	3	58670000	66420000	1
15KM18301	3	67410000	71810000	1
15KM18301	3	93510000	139150000	1
15KM18301	5	0	5680000	1
15KM18301	5	5720000	32100000	1
15KM18301	5	32170000	91550000	1
15KM18301	5	91930000	152080000	1
15KM18301	17	0	9170000	1
15KM18301	17	71530000	81195210	1
15KM18301	18	0	78077248	1
15KM18301	20	0	29810000	3
15KM18301	20	29810000	30140000	1
15KM18301	20	30140000	30910000	5
15KM18301	20	30910000	63025520	1
15KM18301	22	0	51150000	3
15KM18301	22	51180000	51304566	3
15KM18498	7	61740000	61800000	1
15KM18498	11	78370000	120150000	1
15KM18498	17	0	21460000	1
15KM18498	17	21460000	81195210	3
15KM18875	1	76160000	77250000	3
15KM18875	2	152600000	167580000	1
15KM18875	4	95200000	95370000	1
15KM18875	4	99060000	105770000	1
15KM18875	4	105770000	106190000	0
15KM18875	4	106190000	126100000	1
15KM18875	4	126280000	130960000	1
15KM18875	4	160380000	160720000	1
15KM18875	5	85720000	107020000	1
15KM18875	6	135310000	135520000	3
15KM18875	7	77010000	100230000	1
15KM18875	7	100330000	150520000	1
15KM18875	9	11990000	12130000	1
15KM18875	9	71030000	80410000	1
15KM18875	9	138840000	141213431	3
15KM18875	10	135250000	135400000	3
15KM18875	10	135430000	135534747	3
15KM18875	11	59660000	59920000	3
15KM18875	11	85310000	85370000	1
15KM18875	12	25240000	25530000	3
15KM18875	16	0	26560000	1
15KM18875	19	0	4320000	1
15KM18875	19	4320000	5200000	4
15KM18875	19	5200000	6100000	11
15KM18875	19	6100000	6290000	6
15KM18875	19	6290000	6410000	19
15KM18875	19	6410000	6640000	6
15KM18875	19	6640000	8160000	4
15KM18875	19	8160000	8400000	6
15KM18875	19	8420000	8630000	6
15KM18875	19	8630000	8850000	7
15KM18875	19	9780000	10350000	10
15KM18875	19	10350000	10690000	15
15KM18875	19	10690000	11810000	28
15KM18875	19	11810000	11880000	7
15KM18875	19	11880000	12270000	22
15KM18875	19	12290000	12370000	22
15KM18875	19	12370000	13280000	1
15KM18875	19	13280000	13520000	23
15KM18875	19	13520000	14010000	29
15KM18875	19	14010000	15210000	7
15KM18875	19	15210000	15830000	5
15KM18875	19	15830000	18610000	7
15KM18875	19	18610000	22810000	1
15KM18875	19	22810000	22980000	3
15KM18875	19	29970000	30040000	3
15KM18875	19	30040000	30620000	5
15KM18875	19	30620000	32780000	4
15KM18875	19	33620000	35540000	3
15KM18875	X	129910000	129990000	0
15KM19129	1	4740000	9810000	1
15KM19129	4	0	93540000	3
15KM19129	4	93590000	107040000	3
15KM19129	4	107070000	191154276	3
15KM19129	8	130560000	132220000	3
15KM19129	11	134350000	134720000	3
15KM19129	14	98890000	99050000	1
15KM19129	16	56550000	72990000	1
15KM19963	2	242850000	243199373	1
15KM19963	3	6870000	8290000	1
15KM19963	3	14130000	73380000	1
15KM19963	5	75930000	95870000	1
15KM19963	5	95890000	180915260	1
15KM19963	6	0	7450000	1
15KM19963	7	0	61780000	1
15KM19963	7	61800000	89230000	1
15KM19963	7	89250000	159138663	1
15KM19963	9	71030000	141213431	1
15KM19963	12	10890000	30280000	1
15KM20146	1	153780000	154310000	1
15KM20146	1	154920000	155140000	1
15KM20146	2	242850000	243199373	1
15KM20146	5	87830000	164680000	1
15KM20146	7	0	52730000	1
15KM20146	7	52750000	57990000	1
15KM20146	7	62830000	159138663	1
15KM20146	10	47540000	47700000	3
15KM20146	11	63590000	65000000	1
15KM20146	11	119910000	121530000	1
15KM20146	11	122650000	123430000	1
15KM20146	14	101050000	101180000	1
15KM20146	17	3660000	3810000	1
15KM20146	17	4030000	4370000	1
15KM20146	17	4770000	6730000	1
15KM20146	17	6820000	6960000	1
15KM20146	17	38460000	38520000	1
15KM20146	20	44440000	46220000	1
15KM20146	20	46570000	47180000	1
15KM20146	20	47250000	47510000	1
15KM20146	22	24120000	24190000	3
15KM22156	3	4120000	4230000	1
15KM22156	7	113950000	156300000	1
15KM22156	7	156320000	159138663	1
15KM22156	10	45210000	45360000	3
15KM22156	13	0	82110000	3
15KM22156	13	82110000	115169878	4
15KM22156	17	10230000	10300000	1
15KM22156	18	58790000	58860000	1
15KM22156	20	34820000	54950000	1
15PB17699	5	126280000	157120000	1
15PB17699	5	157150000	157240000	1
15PB17699	7	0	1250000	1
15PB17699	7	1300000	2970000	1
15PB17699	7	2990000	69710000	1
15PB17699	7	75990000	107950000	1
15PB17699	7	107970000	159138663	1
15PB17699	8	0	146364022	3
15PB17699	9	0	38770000	3
15PB17699	9	135670000	141213431	3
15PB17699	12	0	6220000	3
15PB17699	12	6220000	29540000	1
15PB17699	13	27590000	52180000	1
15PB17699	18	0	27130000	1
15PB19164	12	7990000	8120000	1
15PB19164	13	0	115169878	3
15PB19164	20	31850000	49790000	1
15PB19164	21	0	48129895	1
15PB19457	2	241640000	241710000	3
15PB19457	2	242850000	243199373	1
15PB19457	3	31870000	33570000	1
15PB19457	3	37110000	37650000	1
15PB19457	3	128420000	128890000	1
15PB19457	3	168870000	169250000	1
15PB19457	3	169630000	183640000	1
15PB19457	5	101270000	110420000	1
15PB19457	5	110450000	160520000	1
15PB19457	6	76410000	76470000	3
15PB19457	7	0	155050000	1
15PB19457	7	155080000	159138663	1
15PB19457	10	75110000	75620000	1
15PB19457	10	105210000	116610000	1
15PB19457	19	6950000	7010000	1
15PB19457	Y	0	59034049	0
15PB8708	2	34550000	34830000	1
15PB8708	3	161870000	161960000	3
15PB8708	3	168260000	198022430	3
15PB8708	7	92190000	92410000	3
15PB8708	12	11780000	11980000	1
15PB8708	20	0	2800000	1
15PB8708	20	31690000	49870000	1
15PB8708	Y	0	59034049	0
15PB9630	2	110860000	110980000	3
15PB9630	3	69090000	73040000	1
15PB9630	3	80810000	87050000	1
15PB9630	3	122120000	123170000	1
15PB9630	3	125350000	128220000	1
15PB9630	3	142990000	150290000	1
15PB9630	3	152100000	154070000	1
15PB9630	4	41670000	42340000	1
15PB9630	5	53010000	53140000	1
15PB9630	5	53210000	55040000	1
15PB9630	5	55140000	116840000	1
15PB9630	5	116860000	180915260	1
15PB9630	7	57830000	58040000	3
15PB9630	7	70150000	71360000	1
15PB9630	7	76940000	79790000	1
15PB9630	7	80040000	82610000	1
15PB9630	7	82950000	159138663	1
15PB9630	8	58170000	58430000	3
15PB9630	10	27600000	27700000	1
15PB9630	11	0	5040000	3
15PB9630	11	5040000	5180000	4
15PB9630	11	5180000	6040000	3
15PB9630	11	6040000	12220000	4
15PB9630	11	12220000	13060000	3
15PB9630	11	30280000	31000000	3
15PB9630	11	32710000	33570000	3
15PB9630	11	33790000	33860000	3
15PB9630	11	97330000	98430000	3
15PB9630	11	98510000	114120000	3
15PB9630	11	114120000	118690000	4
15PB9630	11	118690000	123420000	3
15PB9630	11	123420000	127360000	5
15PB9630	11	127360000	127630000	6
15PB9630	11	127630000	127880000	7
15PB9630	11	127880000	132590000	6
15PB9630	11	132620000	132780000	3
15PB9630	11	132780000	134100000	4
15PB9630	11	134100000	135006516	6
15PB9630	12	0	3140000	3
15PB9630	12	3970000	4480000	3
15PB9630	12	9000000	23960000	1
15PB9630	12	24030000	24450000	3
15PB9630	12	33350000	34250000	3
15PB9630	12	34250000	34370000	4
15PB9630	12	34370000	34840000	3
15PB9630	12	92980000	93060000	3
15PB9630	13	37410000	115169878	1
15PB9630	15	0	20000000	1
15PB9630	15	20020000	42890000	1
16KM0672	2	0	67690000	3
16KM0672	7	85590000	125090000	1
16KM0672	7	125200000	159138663	1
16KM0672	8	37650000	37860000	1
16KM0672	8	37890000	38180000	1
16KM0672	9	3780000	4180000	3
16KM0672	9	5520000	5770000	3
16KM0672	12	9930000	12890000	1
16KM11270	12	0	370000	1
16KM11270	12	10220000	26650000	1
16KM11270	15	38000000	62260000	1
16KM11270	16	87150000	87230000	4
16KM11270	17	0	21460000	1
16KM11419	2	0	8810000	1
16KM11419	2	110860000	110980000	0
16KM11419	2	242850000	243199373	0
16KM11419	3	0	128550000	1
16KM11419	3	128550000	130540000	3
16KM11419	3	130750000	176770000	3
16KM11419	3	177120000	198022430	3
16KM11419	5	0	13460000	1
16KM11419	5	20950000	21240000	1
16KM11419	5	22950000	23800000	1
16KM11419	5	25150000	34910000	1
16KM11419	5	35250000	49530000	1
16KM11419	5	57090000	57900000	1
16KM11419	5	83910000	87990000	1
16KM11419	5	91700000	180915260	1
16KM11419	6	14060000	16300000	1
16KM11419	6	24500000	25660000	1
16KM11419	6	124270000	124350000	0
16KM11419	7	0	20740000	1
16KM11419	7	20760000	36500000	1
16KM11419	7	37910000	159138663	1
16KM11419	9	0	90260000	3
16KM11419	9	90260000	141213431	1
16KM11419	10	47540000	47700000	4
16KM11419	11	85520000	86590000	1
16KM11419	11	86690000	86870000	1
16KM11419	11	86920000	111340000	1
16KM11419	13	0	64220000	3
16KM11419	13	64240000	100220000	3
16KM11419	15	29100000	29310000	1
16KM11419	15	29860000	41980000	1
16KM11419	18	0	1180000	1
16KM11419	18	3690000	18540000	1
16KM11419	18	18540000	19070000	3
16KM11419	18	49390000	78077248	1
16KM11419	20	29810000	63025520	3
16KM11419	21	36190000	36270000	1
16KM1213	1	0	63060000	3
16KM1213	2	0	18070000	1
16KM1213	3	0	82030000	1
16KM1213	5	52700000	55670000	1
16KM1213	5	80010000	120190000	1
16KM1213	5	124550000	171100000	1
16KM1213	11	66270000	135006516	3
16KM1213	13	34810000	34940000	1
16KM1213	15	0	58950000	1
16KM1213	17	0	22110000	1
16KM1213	17	50450000	55750000	1
16KM1213	22	0	51304566	3
16KM16045	1	203990000	249250621	1
16KM16045	2	157970000	161010000	1
16KM16045	2	201750000	202380000	1
16KM16045	3	0	510000	1
16KM16045	3	99390000	115050000	1
16KM16045	3	116440000	117040000	1
16KM16045	3	117180000	123430000	1
16KM16045	3	127200000	128800000	1
16KM16045	3	131870000	143680000	1
16KM16045	3	147670000	147760000	1
16KM16045	3	195820000	196410000	1
16KM16045	5	105590000	112150000	1
16KM16045	5	112170000	180915260	1
16KM16045	7	6490000	102550000	1
16KM16045	7	102580000	153230000	1
16KM16045	11	67770000	69830000	1
16KM16045	12	0	25680000	1
16KM16045	12	56220000	56310000	1
16KM16045	12	110370000	112040000	1
16KM16045	12	112390000	112740000	1
16KM16045	12	122640000	122760000	1
16KM16045	14	64950000	66870000	1
16KM16045	14	71060000	78420000	1
16KM16045	16	34190000	90354753	1
16KM16045	17	27080000	27450000	1
16KM16045	17	27690000	30670000	1
16KM16045	17	41670000	41730000	1
16KM16045	17	42890000	42960000	1
16KM16045	17	46100000	47840000	1
16KM16045	17	48200000	48260000	1
16KM16045	17	65250000	65320000	1
16KM16045	17	74060000	74390000	1
16KM16045	18	51870000	78077248	1
16KM16320	3	111220000	116520000	1
16KM16320	4	103990000	129010000	1
16KM16320	5	34490000	40500000	1
16KM16320	5	58330000	59960000	1
16KM16320	5	81940000	159490000	1
16KM16320	6	6440000	7730000	1
16KM16320	6	146170000	146340000	1
16KM16320	6	146390000	146700000	1
16KM16320	6	146790000	147920000	1
16KM16320	6	150350000	151330000	1
16KM16320	7	28060000	32660000	1
16KM16320	7	72220000	98140000	1
16KM16320	7	100190000	159138663	1
16KM16320	11	2890000	7080000	1
16KM16320	11	10660000	14510000	1
16KM16320	11	33340000	35700000	1
16KM16320	11	58580000	58640000	1
16KM16320	11	58670000	61120000	1
16KM16320	11	62490000	63710000	1
16KM16320	12	7990000	8120000	3
16KM16320	12	87700000	133851895	1
16KM16320	13	34490000	42260000	1
16KM16320	13	46150000	55080000	1
16KM16320	16	34190000	35280000	1
16KM16320	16	49440000	90354753	1
16KM16320	17	0	46130000	1
16KM16320	19	30050000	34820000	1
16KM16320	19	58300000	58550000	1
16KM1892	3	53050000	62460000	1
16KM1892	3	62600000	73730000	1
16KM1892	3	119060000	119130000	1
16KM1892	3	121960000	125380000	1
16KM1892	3	125980000	128380000	1
16KM1892	3	128420000	165920000	1
16KM1892	3	166150000	167490000	1
16KM1892	3	169910000	174630000	1
16KM1892	5	1690000	8050000	1
16KM1892	5	22940000	29260000	1
16KM1892	5	41130000	116340000	1
16KM1892	5	116360000	180915260	1
16KM1892	6	31350000	31450000	3
16KM1892	7	61980000	62680000	3
16KM1892	7	62680000	159138663	1
16KM1892	8	0	51180000	3
16KM1892	8	51200000	87170000	3
16KM1892	8	87200000	146364022	3
16KM1892	12	6370000	21840000	1
16KM1892	12	23240000	25410000	1
16KM1892	12	33880000	34820000	1
16KM1892	17	0	11870000	1
16KM1892	19	33670000	34400000	1
16KM1892	20	9380000	10600000	1
16KM1892	20	22850000	23800000	1
16KM1892	20	23850000	23950000	8
16KM1892	20	23950000	25290000	5
16KM1892	20	25290000	29810000	6
16KM1892	20	29810000	30300000	7
16KM1892	20	30300000	30680000	8
16KM1892	20	30680000	30920000	7
16KM1892	20	30920000	31100000	4
16KM1892	20	31100000	31410000	5
16KM1892	20	31410000	46120000	1
16KM1892	20	46820000	49670000	1
16KM4020	2	13200000	13280000	3
16KM4020	4	9980000	11370000	1
16KM4020	4	22210000	24140000	1
16KM4020	4	24390000	24800000	1
16KM4020	4	26690000	27010000	1
16KM4020	4	77880000	78740000	1
16KM4020	4	78830000	79810000	1
16KM4020	4	81250000	83300000	1
16KM4020	4	83880000	84220000	1
16KM4020	4	85380000	86030000	1
16KM4020	4	99280000	103260000	1
16KM4020	4	106060000	144470000	1
16KM4020	4	144600000	144700000	1
16KM4020	4	183860000	186350000	1
16KM4020	5	88180000	162860000	1
16KM4020	7	61980000	64690000	1
16KM4020	7	64690000	64930000	0
16KM4020	7	64930000	69640000	1
16KM4020	7	75790000	77100000	3
16KM4020	7	77100000	78350000	5
16KM4020	7	78370000	79430000	1
16KM4020	7	79430000	80100000	5
16KM4020	7	80120000	80930000	1
16KM4020	7	80930000	81610000	3
16KM4020	7	81610000	82300000	4
16KM4020	7	82300000	159138663	1
16KM4020	11	111500000	112730000	1
16KM4020	11	113430000	114570000	1
16KM4020	13	0	23590000	4
16KM4020	13	23620000	23750000	4
16KM4020	13	26020000	28170000	3
16KM4020	13	29430000	29510000	4
16KM4020	13	29800000	29870000	4
16KM4020	13	29870000	29970000	3
16KM4020	13	81880000	82620000	4
16KM4020	13	85660000	92660000	4
16KM4020	13	92730000	92920000	4
16KM4020	13	94510000	95670000	4
16KM4020	13	95670000	95830000	3
16KM4020	13	95830000	98600000	4
16KM4020	13	99150000	102400000	4
16KM4020	13	104180000	113700000	4
16KM4020	13	114100000	115169878	1
16KM4020	15	32930000	35270000	1
16KM4020	15	40610000	42540000	1
16KM4020	21	16420000	19450000	3
16KM4020	21	19860000	22380000	1
16KM4020	21	22840000	24910000	3
16KM4020	21	25460000	31180000	3
16KM4020	21	31180000	31730000	1
16KM4020	21	31730000	33300000	3
16KM4020	21	33300000	33990000	4
16KM4020	21	33990000	39720000	1
16KM4020	21	39720000	42390000	5
16KM4020	21	42390000	43360000	3
16KM4020	21	43620000	43810000	3
16KM4020	21	43810000	44370000	1
16KM4020	21	44370000	44810000	5
16KM4020	21	44810000	48129895	1
16KM4020	22	18910000	19010000	3
16KM4020	Y	0	8910000	2
16KM4020	Y	13640000	28760000	2
16KM4020	Y	28790000	59034049	2
16KM4660	10	47540000	47700000	3
16KM4660	15	34920000	34980000	1
16KM4660	X	134670000	134770000	3
16PB12474	2	110860000	110980000	3
16PB12474	6	0	25330000	1
16PB12474	6	25510000	29820000	1
16PB12474	6	107510000	111670000	1
16PB12474	7	99720000	159138663	1
16PB12474	10	47540000	47700000	3
16PB12474	12	5490000	5590000	1
16PB12474	12	5790000	14440000	1
16PB12474	12	14660000	15220000	1
16PB12474	12	15270000	19020000	1
16PB12474	15	0	23090000	1
16PB12474	15	27870000	39090000	1
16PB12474	15	39910000	43850000	1
16PB12474	15	69150000	71300000	1
16PB12474	15	72970000	78470000	1
16PB12474	X	90530000	90730000	0
16PB12474	X	130840000	134820000	0
16PB12553	4	5720000	5780000	1
16PB12553	8	137680000	137860000	1
16PB12553	12	7990000	8120000	1
16PB12553	13	0	115169878	3
16PB12553	16	15130000	16290000	3
16PB12553	17	56340000	57240000	1
16PB12553	21	35780000	36150000	1
16PB12553	21	36210000	37400000	1
16PB12553	21	39750000	39890000	4
16PB1441	1	0	58970000	3
16PB1441	1	62530000	67340000	3
16PB1441	1	102730000	116700000	1
16PB1441	1	116730000	118750000	1
16PB1441	3	46790000	46850000	1
16PB1441	5	49470000	62870000	1
16PB1441	5	66540000	68650000	1
16PB1441	5	68700000	68830000	1
16PB1441	5	88030000	160080000	1
16PB1441	5	177390000	180915260	1
16PB1441	6	168350000	168590000	3
16PB1441	7	1090000	5190000	1
16PB1441	7	13670000	13740000	1
16PB1441	7	35850000	41930000	1
16PB1441	7	77610000	81260000	1
16PB1441	7	81310000	81410000	1
16PB1441	7	97650000	98620000	1
16PB1441	7	145920000	159138663	1
16PB1441	10	0	13160000	1
16PB1441	10	58750000	110370000	3
16PB1441	10	110370000	121310000	5
16PB1441	10	121310000	122200000	3
16PB1441	10	129170000	133800000	1
16PB1441	10	133830000	135534747	1
16PB1441	12	11620000	11930000	1
16PB1441	12	12190000	12470000	1
16PB1441	13	44350000	52430000	1
16PB1441	17	0	4960000	1
16PB1441	17	7080000	7720000	1
16PB1441	17	7740000	81195210	1
16PB1441	18	0	78077248	1
16PB1441	21	37220000	37450000	3
16PB15826	1	147740000	147830000	1
16PB15826	2	0	29870000	3
16PB15826	3	46790000	46850000	0
16PB15826	3	71640000	73910000	1
16PB15826	3	77760000	84950000	1
16PB15826	3	84970000	138000000	1
16PB15826	5	107470000	109460000	1
16PB15826	5	109480000	158290000	1
16PB15826	6	125090000	171115067	3
16PB15826	7	94350000	159138663	1
16PB15826	10	135350000	135534747	3
16PB15826	16	74600000	75710000	1
16PB15826	16	75870000	90354753	1
16PB15826	17	7130000	8090000	1
16PB15826	17	70040000	71970000	3
16PB15826	17	73880000	73990000	3
16PB15826	18	24970000	36650000	1
16PB15826	18	36670000	78077248	1
16PB15826	20	33480000	49880000	1
16PB15826	X	47880000	47950000	1
16PB15826	X	129420000	155270560	1
16PB2067	1	105970000	106070000	3
16PB2067	5	0	24300000	3
16PB2067	5	24320000	88040000	3
16PB2067	5	88040000	97050000	1
16PB2067	5	97100000	158690000	1
16PB2067	5	158690000	180915260	3
16PB2067	6	0	124430000	3
16PB2067	6	124470000	171115067	3
16PB2067	7	100960000	101130000	3
16PB2067	8	0	15770000	4
16PB2067	8	15790000	146364022	4
16PB2067	9	0	141213431	3
16PB2067	10	0	135534747	3
16PB2067	11	0	47430000	3
16PB2067	11	47430000	135006516	4
16PB2067	12	0	34150000	1
16PB2067	12	123560000	133851895	3
16PB2067	13	0	115169878	4
16PB2067	14	0	85290000	3
16PB2067	14	85310000	88170000	3
16PB2067	14	88190000	107349540	3
16PB2067	19	0	59128983	3
16PB2067	22	0	51150000	3
16PB2067	22	51180000	51304566	3
16PB2829	3	0	46790000	1
16PB2829	3	46790000	46850000	0
16PB2829	3	46850000	162760000	1
16PB2829	5	17600000	17690000	1
16PB2829	5	52720000	53340000	1
16PB2829	5	59710000	59770000	3
16PB2829	5	107970000	108290000	1
16PB2829	5	108310000	154470000	1
16PB2829	6	95410000	95530000	1
16PB2829	7	0	64690000	1
16PB2829	7	64690000	64930000	0
16PB2829	7	64930000	159138663	1
16PB2829	8	0	68150000	3
16PB2829	8	68170000	146020000	3
16PB2829	8	146040000	146364022	3
16PB2829	9	0	38770000	1
16PB2829	10	32430000	32510000	1
16PB2829	12	8600000	13010000	1
16PB2829	12	13350000	13640000	1
16PB2829	12	14070000	16570000	1
16PB2829	12	38870000	39460000	1
16PB2829	12	39610000	44320000	1
16PB2829	14	102930000	103060000	3
16PB2829	17	56550000	57690000	1
16PB2829	17	61740000	63560000	1
16PB2829	17	63980000	64240000	1
16PB2829	20	40170000	40460000	1
16PB2829	20	40520000	41570000	1
16PB2829	20	41660000	44800000	1
16PB2829	20	48740000	48890000	1
16PB2829	20	48950000	49540000	1
16PB2829	X	0	155270560	1
16PB3075	2	54350000	54430000	1
16PB3075	2	242850000	243199373	1
16PB3075	3	0	89390000	1
16PB3075	3	89420000	90500000	1
16PB3075	3	125190000	183170000	1
16PB3075	4	190020000	191154276	3
16PB3075	5	52220000	162880000	1
16PB3075	7	650000	2360000	1
16PB3075	7	5860000	6350000	1
16PB3075	7	64690000	64930000	3
16PB3075	7	126130000	159138663	1
16PB3075	8	0	146364022	3
16PB3075	11	0	3410000	1
16PB3075	11	26560000	34070000	1
16PB3075	11	34120000	44230000	1
16PB3075	11	44310000	44620000	1
16PB3075	11	47790000	48890000	1
16PB3075	11	49920000	50610000	1
16PB3075	12	10850000	18970000	1
16PB3075	12	19040000	20760000	1
16PB3075	16	33930000	49340000	1
16PB3075	16	74590000	78950000	1
16PB3075	16	79390000	79830000	1
16PB3075	17	120000	710000	1
16PB3075	17	7050000	7140000	1
16PB3075	17	13280000	13670000	1
16PB3075	17	14830000	17310000	1
16PB3075	17	31260000	33310000	1
16PB3075	18	72360000	78077248	1
16PB3075	21	0	16050000	1
16PB3075	21	16070000	16390000	1
16PB3075	X	134780000	134850000	3
16PB3147	1	0	153670000	3
16PB3147	1	153690000	249250621	3
16PB3147	5	83270000	156960000	1
16PB3147	7	116500000	122610000	1
16PB3147	7	122610000	122850000	3
16PB3147	7	122850000	141760000	1
16PB3147	7	142880000	159138663	1
16PB3147	8	0	1510000	3
16PB3147	8	1530000	68150000	3
16PB3147	8	68170000	73590000	3
16PB3147	8	73640000	146364022	3
16PB3147	10	0	135534747	3
16PB3147	11	33020000	33170000	3
16PB3147	11	51190000	135006516	4
16PB3147	12	10210000	23940000	1
16PB3147	12	23990000	31360000	1
16PB3147	12	31410000	34720000	1
16PB3147	12	74730000	100570000	1
16PB3147	12	100570000	133851895	3
16PB3147	13	0	22210000	1
16PB3147	13	31750000	41910000	1
16PB3147	13	41990000	67370000	1
16PB3147	13	67390000	83800000	1
16PB3147	15	32930000	41580000	1
16PB3147	15	101820000	102531392	1
16PB3147	18	0	69390000	1
16PB3147	18	69390000	69590000	0
16PB3147	18	69590000	78077248	1
16PB3147	21	0	30260000	1
16PB3147	21	32310000	33000000	1
16PB3147	22	0	51304566	3
16PB4200	1	154030000	154220000	1
16PB4200	3	3100000	9720000	1
16PB4200	3	14960000	28410000	1
16PB4200	3	28450000	37070000	1
16PB4200	3	79040000	85340000	1
16PB4200	3	88040000	149840000	1
16PB4200	3	150750000	160360000	1
16PB4200	5	118810000	159500000	1
16PB4200	6	4000000	5610000	1
16PB4200	6	20080000	22880000	1
16PB4200	6	129060000	129300000	1
16PB4200	7	0	12770000	1
16PB4200	7	13190000	159138663	1
16PB4200	8	0	47090000	3
16PB4200	8	47170000	47320000	3
16PB4200	8	47360000	137680000	3
16PB4200	8	137860000	141630000	3
16PB4200	8	141730000	146260000	3
16PB4200	8	146290000	146364022	3
16PB4200	9	108300000	113590000	1
16PB4200	10	47540000	47700000	3
16PB4200	10	64650000	68120000	1
16PB4200	10	133840000	135534747	1
16PB4200	11	0	10150000	1
16PB4200	11	10170000	14800000	1
16PB4200	11	30720000	32940000	1
16PB4200	12	5130000	8310000	1
16PB4200	12	12230000	20350000	1
16PB4200	12	41710000	43000000	1
16PB4200	12	76790000	81600000	1
16PB4200	12	91830000	93790000	1
16PB4200	13	31200000	37720000	1
16PB4200	13	37750000	46660000	1
16PB4200	13	48570000	50220000	1
16PB4200	13	50460000	82160000	1
16PB4200	13	82460000	86990000	1
16PB4200	13	87140000	90390000	1
16PB4200	13	91520000	91610000	1
16PB4200	13	101740000	105010000	1
16PB4200	14	23540000	24930000	1
16PB4200	14	30480000	31910000	1
16PB4200	14	89380000	95130000	1
16PB4200	16	49500000	50050000	1
16PB4200	16	50220000	50730000	1
16PB4200	17	1550000	14830000	1
16PB4200	17	27600000	37550000	1
16PB4200	18	10660000	13050000	1
16PB4200	18	39750000	41370000	1
16PB4200	18	45230000	59750000	1
16PB4200	19	0	2260000	1
16PB4200	19	33090000	52480000	1
16PB4200	20	34560000	37750000	1
16PB5058	2	0	29500000	1
16PB5058	2	67220000	99090000	1
16PB5058	2	99400000	99520000	1
16PB5058	2	120830000	142330000	1
16PB5058	2	208270000	214800000	1
16PB5058	2	216770000	231330000	1
16PB5058	2	241430000	243199373	1
16PB5058	3	195740000	197210000	1
16PB5058	5	83120000	162360000	1
16PB5058	7	62490000	74140000	1
16PB5058	7	87600000	99140000	1
16PB5058	7	100440000	105270000	1
16PB5058	7	112930000	151470000	1
16PB5058	8	0	146364022	3
16PB5058	13	0	23830000	3
16PB5058	13	32860000	35400000	1
16PB5058	13	39110000	115169878	1
16PB5058	14	69880000	77920000	1
16PB5058	18	0	5210000	1
16PB5058	18	5210000	5270000	0
16PB5058	18	5270000	9100000	1
16PB5058	18	9240000	9360000	1
16PB5058	18	11760000	14950000	1
16PB5058	18	23320000	78077248	1
16PB5058	22	36680000	36840000	1
16PB5058	X	61750000	62160000	3
16PB5693	2	0	13130000	1
16PB5693	2	13130000	15080000	3
16PB5693	2	15080000	15540000	4
16PB5693	2	15540000	16760000	5
16PB5693	2	16760000	20110000	4
16PB5693	2	20110000	20530000	5
16PB5693	2	20530000	21220000	6
16PB5693	2	21220000	21390000	5
16PB5693	2	21390000	21680000	6
16PB5693	2	21680000	21790000	7
16PB5693	2	21790000	21920000	6
16PB5693	2	21920000	22320000	7
16PB5693	2	22320000	23520000	4
16PB5693	2	23550000	23920000	1
16PB5693	2	28170000	35060000	1
16PB5693	2	39150000	39840000	4
16PB5693	2	39840000	40390000	5
16PB5693	2	40390000	40780000	6
16PB5693	2	40810000	41910000	4
16PB5693	2	41910000	42100000	3
16PB5693	2	42100000	43560000	4
16PB5693	2	43630000	47660000	1
16PB5693	2	48550000	48910000	1
16PB5693	2	49600000	55470000	1
16PB5693	2	55570000	58730000	1
16PB5693	2	63210000	87060000	1
16PB5693	2	90110000	96940000	1
16PB5693	4	0	18380000	1
16PB5693	4	18530000	18640000	1
16PB5693	4	52710000	52850000	1
16PB5693	4	53950000	55020000	4
16PB5693	4	56350000	57330000	3
16PB5693	4	57330000	59310000	5
16PB5693	4	59310000	64720000	3
16PB5693	4	64720000	65350000	1
16PB5693	5	0	38100000	4
16PB5693	5	38100000	45060000	3
16PB5693	5	45060000	45520000	1
16PB5693	5	45960000	46070000	1
16PB5693	5	46070000	46400000	3
16PB5693	5	49540000	56130000	1
16PB5693	5	56290000	58590000	1
16PB5693	5	58900000	59150000	1
16PB5693	5	59570000	59810000	1
16PB5693	5	60180000	60670000	1
16PB5693	5	61070000	68830000	1
16PB5693	5	71220000	80570000	3
16PB5693	5	80570000	84420000	1
16PB5693	5	84690000	85310000	1
16PB5693	5	85410000	122760000	1
16PB5693	5	122970000	125950000	1
16PB5693	5	128140000	128570000	1
16PB5693	5	129180000	134760000	1
16PB5693	5	137090000	140620000	1
16PB5693	5	140890000	154430000	1
16PB5693	7	0	23350000	1
16PB5693	7	23430000	26270000	1
16PB5693	7	26800000	27170000	1
16PB5693	7	27200000	29610000	1
16PB5693	11	50330000	50770000	3
16PB5693	13	0	20320000	1
16PB5693	13	20600000	20870000	1
16PB5693	13	20980000	23670000	1
16PB5693	13	29710000	33740000	1
16PB5693	13	33770000	57110000	1
16PB5693	13	57590000	73310000	1
16PB5693	13	73550000	74240000	4
16PB5693	13	74240000	74660000	3
16PB5693	13	74900000	77340000	4
16PB5693	13	77340000	77500000	3
16PB5693	13	77500000	77890000	4
16PB5693	13	77910000	78340000	6
16PB5693	13	78340000	84020000	1
16PB5693	13	84200000	115169878	1
16PB5693	20	6460000	7230000	1
16PB5693	20	7260000	8140000	1
16PB5693	20	8180000	12850000	1
16PB5693	20	12920000	12990000	1
16PB5693	20	13040000	16160000	1
16PB5693	20	17410000	18400000	1
16PB5693	20	25200000	26320000	1
16PB5693	21	33040000	33660000	1
16PB5693	21	38570000	38940000	3
16PB5693	21	38940000	40170000	4
16PB5693	21	45760000	46680000	4
16PB5693	21	46990000	47890000	4
16PB8681	3	60220000	60390000	1
16PB8681	3	71070000	71300000	3
16PB8681	3	166050000	166380000	3
16PB8681	5	49470000	98290000	1
16PB8681	5	103620000	180915260	1
16PB8681	7	89550000	89700000	1
16PB8681	7	147330000	147460000	1
16PB8681	7	147780000	159138663	1
16PB8681	8	102330000	130140000	3
16PB8681	8	130140000	130990000	4
16PB8681	8	130990000	146364022	3
16PB8681	10	47590000	47660000	3
16PB8681	11	0	9500000	4
16PB8681	11	9500000	9560000	5
16PB8681	11	9560000	51190000	4
16PB8681	11	51190000	55860000	1
16PB8681	11	89840000	135006516	5
16PB8681	12	121760000	122820000	3
16PB8681	16	0	90354753	1
16PB8681	17	0	11630000	1
16PB8681	18	0	78077248	1
16PB8681	21	0	48129895	1
16PB8681	X	111590000	111760000	0
16PB8705	1	153610000	153670000	3
16PB8705	2	232230000	243199373	1
16PB8705	3	16530000	16870000	1
16PB8705	3	17060000	21490000	1
16PB8705	3	54200000	57310000	1
16PB8705	3	65440000	78630000	1
16PB8705	3	151150000	160420000	1
16PB8705	5	44970000	65050000	1
16PB8705	5	74200000	107960000	1
16PB8705	5	114080000	151410000	1
16PB8705	5	154460000	174910000	1
16PB8705	6	18950000	19030000	1
16PB8705	7	0	159138663	1
16PB8705	8	0	146364022	4
16PB8705	11	0	13810000	1
16PB8705	11	13980000	14070000	1
16PB8705	11	55500000	59320000	1
16PB8705	12	0	133851895	1
16PB8705	17	5200000	20220000	1
16PB8705	17	25390000	29740000	1
16PB8705	17	44110000	49400000	1
16PB8705	17	56360000	63040000	1
16PB8733	5	32100000	32170000	4
16PB8733	13	48690000	52310000	1
16PB8733	16	15130000	16290000	3
16PB8733	20	48700000	49510000	1
16PB9113	1	192090000	249250621	3
16PB9113	4	67460000	67520000	1
16PB9113	7	122580000	159138663	1
16PB9113	9	11940000	12000000	1
16PB9113	10	97200000	108910000	1
16PB9113	21	36170000	39130000	1
